d,o,h,l,c,v
2019-09-08,10391.61,10391.96,10391.28,10391.63,12.615
2019-09-09,10327.09,10327.09,10307.0,10307.0,2.938
2019-09-10,10101.84,10104.29,10101.66,10102.02,7.637
2019-09-11,10162.46,10163.87,10158.91,10159.55,15.07
2019-09-12,10413.67,10415.13,10413.18,10415.13,8.586
2019-09-13,10334.64,10345.22,10333.91,10341.34,13.975
2019-09-14,10331.11,10333.19,10329.02,10332.25,17.926
2019-09-15,10302.33,10303.08,10302.19,10302.22,4.888
2019-09-16,10256.27,10256.27,10248.53,10249.27,21.088
2019-09-17,10188.41,10191.09,10186.52,10186.52,14.071
2019-09-18,10155.82,10157.47,10154.84,10155.16,15.051
2019-09-19,10242.68,10248.61,10242.68,10245.3,11.392
2019-09-20,10166.13,10167.01,10165.88,10166.35,9.528
2019-09-21,9986.72,9986.9,9983.33,9983.33,10.38
2019-09-22,10026.82,10029.02,10021.0,10023.04,12.836
2019-09-23,9687.71,9701.96,9687.18,9701.96,12.612
2019-09-24,8509.68,8510.5,8490.43,8495.83,66.86
2019-09-25,8424.15,8431.93,8424.15,8430.07,21.343
2019-09-26,8054.81,8062.99,8052.8,8060.15,18.336
2019-09-27,8177.04,8177.82,8173.52,8176.52,12.099
2019-09-28,8207.18,8207.18,8195.26,8195.38,18.378
2019-09-29,8042.04,8043.0,8040.63,8041.96,7.15
2019-09-30,8279.1,8285.84,8273.0,8285.84,33.319
2019-10-01,8293.15,8293.15,8289.86,8290.0,13.617
2019-10-02,8351.1,8353.55,8349.35,8352.14,25.933
2019-10-03,8213.86,8220.27,8213.86,8220.27,13.344
2019-10-04,8130.52,8130.56,8130.0,8130.56,4.799
2019-10-05,8119.62,8123.83,8119.47,8122.14,11.597
2019-10-06,7862.97,7863.18,7852.79,7852.79,10.715
2019-10-07,8190.62,8190.62,8185.43,8186.88,31.864
2019-10-08,8178.25,8178.25,8165.23,8167.62,40.81
2019-10-09,8561.45,8561.45,8558.03,8559.77,16.374
2019-10-10,8558.0,8558.11,8554.73,8556.02,23.441
2019-10-11,8259.55,8259.55,8255.58,8255.58,27.397
2019-10-12,8298.69,8300.31,8298.5,8300.22,32.071
2019-10-13,8275.93,8276.23,8274.33,8274.66,8.988
2019-10-14,8342.37,8346.64,8341.96,8346.05,37.399
2019-10-15,8159.65,8162.52,8157.21,8160.01,19.878
2019-10-16,7998.95,7998.95,7991.41,7992.21,69.586
2019-10-17,8061.61,8071.6,8061.61,8069.2,46.219
2019-10-18,7942.42,7947.98,7940.68,7943.94,112.025
2019-10-19,7951.58,7951.58,7944.02,7947.13,92.81
2019-10-20,8215.99,8219.0,8213.61,8218.23,35.108
2019-10-21,8213.0,8213.0,8201.0,8201.74,91.367
2019-10-22,8030.0,8030.09,8020.68,8020.89,85.826
2019-10-23,7462.02,7476.0,7461.06,7465.0,116.188
2019-10-24,7411.83,7413.44,7409.5,7411.35,39.859
2019-10-25,8654.8,8655.01,8649.15,8650.0,8.688
2019-10-26,9241.64,9241.66,9226.2,9232.22,29.851
2019-10-27,9538.95,9540.0,9529.14,9533.32,65.565
2019-10-28,9210.06,9217.37,9202.45,9217.36,205.288
2019-10-29,9413.99,9417.7,9411.02,9415.02,21.322
2019-10-30,9160.59,9165.67,9160.0,9165.3,45.859
2019-10-31,9146.73,9153.55,9142.71,9150.0,15.298
2019-11-01,9230.74,9231.9,9226.12,9231.01,25.178
2019-11-02,9289.99,9289.99,9287.1,9287.8,9.088
2019-11-03,9195.71,9201.67,9194.77,9197.88,53.892
2019-11-04,9393.85,9403.0,9393.14,9395.46,95.321
2019-11-05,9304.95,9313.84,9304.95,9313.2,66.343
2019-11-06,9344.0,9347.91,9340.0,9343.6,73.917
2019-11-07,9218.6,9221.52,9214.01,9219.64,68.855
2019-11-08,8779.01,8784.68,8774.38,8775.03,53.897
2019-11-09,8808.72,8811.36,8808.7,8811.15,16.494
2019-11-10,9045.66,9045.82,9041.2,9041.31,40.297
2019-11-11,8728.8,8730.0,8727.24,8728.93,59.704
2019-11-12,8801.4,8818.0,8801.4,8817.0,133.754
2019-11-13,8776.9,8776.91,8774.01,8774.76,32.023
2019-11-14,8646.11,8646.88,8641.05,8642.25,61.995
2019-11-15,8473.52,8473.99,8473.0,8473.27,5.611
2019-11-16,8490.1,8492.65,8490.0,8491.06,13.574
2019-11-17,8502.17,8504.82,8499.67,8504.04,86.19
2019-11-18,8188.6,8189.59,8183.23,8183.26,40.389
2019-11-19,8128.0,8133.3,8128.0,8131.7,20.574
2019-11-20,8094.2,8095.0,8094.0,8094.05,14.072
2019-11-21,7618.0,7623.63,7618.0,7621.9,47.403
2019-11-22,7267.01,7268.67,7261.5,7262.72,92.219
2019-11-23,7298.29,7307.85,7297.53,7305.99,136.967
2019-11-24,6906.56,6912.86,6893.0,6900.86,349.206
2019-11-25,7109.5,7112.83,7101.98,7102.03,111.543
2019-11-26,7149.37,7150.9,7148.42,7150.0,25.244
2019-11-27,7512.65,7513.54,7503.62,7506.77,94.615
2019-11-28,7416.42,7417.79,7414.71,7415.79,28.539
2019-11-29,7735.0,7737.99,7735.0,7736.66,42.971
2019-11-30,7542.04,7545.66,7542.04,7542.93,26.295
2019-12-01,7392.32,7394.26,7384.19,7387.38,103.91
2019-12-02,7296.06,7296.2,7291.0,7291.0,78.474
2019-12-03,7285.59,7290.86,7285.1,7290.86,34.503
2019-12-04,7183.05,7191.0,7181.86,7191.0,155.489
2019-12-05,7385.13,7386.02,7384.99,7384.99,6.487
2019-12-06,7525.0,7528.0,7520.0,7522.1,89.835
2019-12-07,7487.77,7488.4,7485.42,7487.2,37.342
2019-12-08,7506.62,7509.44,7505.05,7508.2,58.622
2019-12-09,7344.02,7344.02,7336.33,7337.49,57.978
2019-12-10,7221.06,7222.21,7220.28,7220.98,28.323
2019-12-11,7203.99,7206.99,7203.84,7205.77,37.422
2019-12-12,7191.81,7194.91,7190.8,7194.77,50.414
2019-12-13,7250.46,7253.09,7250.46,7252.98,22.22
2019-12-14,7062.73,7063.52,7060.26,7061.34,28.671
2019-12-15,7114.05,7115.0,7114.05,7115.0,15.852
2019-12-16,6890.0,6890.0,6886.96,6887.54,88.024
2019-12-17,6612.96,6619.44,6612.96,6618.96,78.691
2019-12-18,7270.19,7278.02,7270.19,7277.44,38.937
2019-12-19,7146.41,7146.41,7146.27,7146.29,8.395
2019-12-20,7182.56,7185.0,7182.56,7184.39,18.608
2019-12-21,7132.39,7132.67,7131.01,7131.01,20.112
2019-12-22,7504.87,7506.54,7497.41,7502.92,203.993
2019-12-23,7322.69,7323.0,7311.98,7314.01,85.239
2019-12-24,7251.32,7255.24,7249.84,7252.04,56.877
2019-12-25,7199.76,7201.46,7199.76,7201.45,11.229
2019-12-26,7199.0,7199.02,7197.0,7197.46,21.616
2019-12-27,7243.98,7248.68,7243.97,7248.4,61.336
2019-12-28,7309.79,7312.36,7309.4,7311.48,21.347
2019-12-29,7390.72,7390.72,7383.67,7383.67,56.737
2019-12-30,7239.99,7241.34,7239.99,7240.43,29.996
2019-12-31,7189.0,7189.54,7188.88,7189.0,22.243
2020-01-01,7195.72,7197.57,7195.72,7197.57,18.764
2020-01-02,6959.26,6962.06,6958.82,6962.04,99.795
2020-01-03,7312.14,7341.72,7312.14,7341.72,269.523
2020-01-04,7351.7,7351.7,7347.02,7350.71,58.511
2020-01-05,7355.3,7358.09,7354.36,7354.36,60.303
2020-01-06,7756.79,7757.99,7748.75,7757.39,167.9
2020-01-07,8166.09,8166.11,8150.0,8152.49,148.788
2020-01-08,8048.78,8059.9,8048.31,8059.84,61.573
2020-01-09,7822.41,7824.75,7816.09,7818.59,65.825
2020-01-10,8208.01,8208.01,8189.98,8207.09,445.275
2020-01-11,8029.16,8030.0,8020.56,8020.56,134.414
2020-01-12,8179.87,8189.0,8176.55,8186.7,173.35
2020-01-13,8104.1,8113.0,8102.0,8113.0,123.694
2020-01-14,8837.82,8857.12,8825.0,8825.0,194.935
2020-01-15,8829.39,8833.76,8825.24,8825.3,82.81
2020-01-16,8735.99,8737.4,8723.77,8725.08,64.657
2020-01-17,8919.56,8921.59,8917.0,8918.72,98.098
2020-01-18,8930.64,8930.72,8925.0,8925.0,54.619
2020-01-19,8711.6,8711.72,8705.72,8705.85,38.815
2020-01-20,8650.01,8650.21,8647.95,8650.0,3.785
2020-01-21,8745.82,8745.82,8740.07,8742.43,54.555
2020-01-22,8682.7,8686.69,8681.78,8684.57,61.483
2020-01-23,8416.69,8419.66,8408.73,8409.6,45.158
2020-01-24,8442.48,8445.39,8441.96,8441.96,102.659
2020-01-25,8350.5,8350.9,8336.69,8344.64,476.219
2020-01-26,8601.94,8613.0,8601.64,8611.21,104.839
2020-01-27,8915.73,8917.12,8913.17,8913.61,27.548
2020-01-28,9404.25,9415.0,9390.97,9398.98,311.607
2020-01-29,9303.83,9313.6,9303.83,9311.0,38.297
2020-01-30,9524.79,9528.24,9521.0,9525.67,100.173
2020-01-31,9361.58,9366.74,9361.0,9364.51,129.075
2020-02-01,9392.54,9395.0,9392.12,9392.74,15.049
2020-02-02,9338.05,9346.0,9325.0,9338.2,263.68
2020-02-03,9311.44,9311.49,9300.13,9300.64,106.924
2020-02-04,9196.41,9198.38,9196.41,9198.35,14.229
2020-02-05,9633.99,9633.99,9625.07,9630.0,107.206
2020-02-06,9777.36,9778.71,9777.21,9778.12,36.205
2020-02-07,9826.16,9826.28,9821.52,9821.52,91.934
2020-02-08,9910.13,9910.63,9905.0,9906.43,56.698
2020-02-09,10177.07,10177.08,10166.0,10167.38,190.4
2020-02-10,9875.03,9875.03,9859.53,9865.56,109.385
2020-02-11,10235.24,10238.59,10220.0,10229.06,500.949
2020-02-12,10340.83,10344.34,10333.2,10339.99,147.016
2020-02-13,10250.3,10251.42,10239.63,10239.63,65.251
2020-02-14,10355.33,10357.98,10354.19,10356.82,33.552
2020-02-15,9913.52,9915.02,9913.52,9914.99,38.772
2020-02-16,9946.6,9946.61,9921.86,9921.86,254.856
2020-02-17,9707.14,9716.0,9702.96,9716.0,75.514
2020-02-18,10170.07,10174.94,10166.08,10174.32,71.939
2020-02-19,9601.57,9606.23,9593.31,9593.65,99.868
2020-02-20,9596.65,9608.59,9596.65,9601.99,79.902
2020-02-21,9683.67,9683.71,9681.39,9681.39,14.378
2020-02-22,9662.28,9662.28,9658.87,9659.2,8.991
2020-02-23,9966.42,9966.78,9943.12,9943.12,198.093
2020-02-24,9667.15,9667.15,9662.95,9662.95,27.6
2020-02-25,9328.31,9330.07,9322.0,9326.0,109.634
2020-02-26,8799.9,8799.9,8789.87,8792.22,124.064
2020-02-27,8811.18,8828.0,8806.11,8828.0,200.497
2020-02-28,8709.32,8709.32,8698.55,8699.57,100.642
2020-02-29,8542.92,8542.92,8530.0,8531.98,354.026
2020-03-01,8547.28,8550.0,8537.73,8537.84,77.874
2020-03-02,8910.08,8923.4,8910.08,8919.7,250.25
2020-03-03,8762.26,8766.62,8762.26,8765.0,23.042
2020-03-04,8760.0,8761.89,8755.37,8756.93,39.044
2020-03-05,9061.18,9070.84,9059.64,9062.81,104.094
2020-03-06,9143.32,9144.54,9139.48,9139.48,32.478
2020-03-07,8897.26,8897.3,8895.22,8897.18,10.445
2020-03-08,8031.53,8043.09,8030.0,8038.46,442.288
2020-03-09,7937.36,7937.37,7930.95,7932.15,83.645
2020-03-10,7897.43,7897.66,7885.9,7897.66,191.785
2020-03-11,7934.62,7938.39,7934.46,7938.39,28.357
2020-03-12,4761.12,4850.0,4730.0,4764.65,1667.055
2020-03-13,5575.18,5577.51,5549.28,5570.26,353.996
2020-03-14,5159.0,5180.0,5159.0,5167.01,329.156
2020-03-15,5356.54,5365.0,5350.7,5357.32,152.286
2020-03-16,5011.45,5029.08,5007.0,5026.26,190.677
2020-03-17,5334.87,5337.99,5302.57,5307.38,417.706
2020-03-18,5383.0,5394.0,5379.09,5389.64,217.379
2020-03-19,6167.66,6171.21,6158.41,6159.6,159.517
2020-03-20,6221.72,6222.57,6195.51,6203.77,310.171
2020-03-21,6191.6,6191.6,6169.96,6183.69,327.246
2020-03-22,5808.88,5824.78,5806.95,5810.17,248.784
2020-03-23,6476.33,6484.45,6463.36,6463.84,271.007
2020-03-24,6744.76,6747.0,6736.9,6741.33,109.044
2020-03-25,6682.23,6682.49,6668.48,6673.41,213.975
2020-03-26,6737.1,6738.93,6731.0,6733.76,88.897
2020-03-27,6357.33,6359.53,6350.51,6353.64,183.764
2020-03-28,6241.18,6241.18,6230.0,6230.95,206.63
2020-03-29,5883.13,5884.45,5870.0,5876.27,515.483
2020-03-30,6380.79,6392.91,6379.31,6391.08,245.609
2020-03-31,6408.01,6409.16,6401.11,6407.1,252.569
2020-04-01,6627.93,6645.0,6619.0,6641.51,600.037
2020-04-02,6802.78,6805.0,6788.85,6791.63,251.908
2020-04-03,6729.42,6733.87,6725.12,6729.8,100.445
2020-04-04,6848.71,6854.7,6848.51,6851.1,59.81
2020-04-05,6767.31,6773.35,6767.3,6768.9,222.013
2020-04-06,7325.64,7337.23,7320.85,7325.73,714.812
2020-04-07,7199.0,7200.72,7192.01,7192.9,121.617
2020-04-08,7357.71,7359.05,7355.17,7357.66,70.715
2020-04-09,7281.32,7286.47,7276.55,7278.65,104.352
2020-04-10,6863.32,6865.0,6857.0,6857.82,145.373
2020-04-11,6878.29,6878.8,6873.41,6874.18,72.61
2020-04-12,6904.39,6904.75,6890.97,6900.52,945.492
2020-04-13,6836.98,6837.49,6833.16,6834.0,67.658
2020-04-14,6859.99,6867.49,6859.01,6864.11,165.594
2020-04-15,6618.29,6620.92,6615.0,6616.89,221.576
2020-04-16,7101.34,7102.34,7096.04,7098.15,194.639
2020-04-17,7024.5,7025.75,7019.0,7022.44,353.155
2020-04-18,7242.73,7243.39,7240.85,7242.42,57.156
2020-04-19,7120.4,7120.4,7115.69,7118.03,110.03
2020-04-20,6825.73,6830.87,6825.29,6825.29,185.17
2020-04-21,6835.57,6840.0,6834.67,6838.0,145.239
2020-04-22,7115.77,7122.75,7115.28,7120.06,585.292
2020-04-23,7473.85,7487.84,7473.31,7483.35,498.465
2020-04-24,7500.36,7505.0,7500.0,7504.11,148.514
2020-04-25,7534.98,7535.36,7534.01,7534.01,16.666
2020-04-26,7689.74,7697.39,7688.79,7694.17,374.529
2020-04-27,7774.43,7775.03,7771.07,7774.0,194.88
2020-04-28,7744.0,7749.69,7735.01,7735.75,463.069
2020-04-29,8772.33,8786.0,8771.63,8784.2,357.669
2020-04-30,8644.45,8644.5,8623.59,8624.76,199.66
2020-05-01,8823.82,8833.88,8823.74,8830.52,266.175
2020-05-02,8970.0,8978.98,8970.0,8975.18,124.112
2020-05-03,8903.27,8905.1,8896.57,8900.0,163.597
2020-05-04,8873.46,8879.81,8869.36,8873.98,218.443
2020-05-05,9041.04,9045.67,9020.0,9022.78,786.905
2020-05-06,9159.55,9166.73,9136.34,9148.27,633.331
2020-05-07,9986.51,9997.34,9972.32,9995.0,631.208
2020-05-08,9819.0,9819.36,9807.49,9807.49,534.169
2020-05-09,9550.35,9564.55,9545.6,9550.67,373.471
2020-05-10,8739.99,8750.0,8715.14,8719.53,627.61
2020-05-11,8608.39,8608.98,8550.0,8561.09,1123.326
2020-05-12,8807.76,8815.44,8802.02,8808.71,317.565
2020-05-13,9289.51,9307.42,9289.24,9305.91,246.642
2020-05-14,9782.29,9788.79,9782.0,9786.8,73.308
2020-05-15,9307.72,9315.0,9307.55,9310.73,214.345
2020-05-16,9382.32,9384.93,9374.94,9374.99,97.139
2020-05-17,9671.53,9678.96,9671.12,9678.57,143.003
2020-05-18,9720.59,9731.11,9720.55,9731.1,90.447
2020-05-19,9779.62,9780.0,9765.23,9773.64,514.875
2020-05-20,9510.26,9512.4,9505.0,9508.11,193.72
2020-05-21,9031.54,9068.0,9030.53,9060.0,1341.799
2020-05-22,9163.26,9166.66,9163.26,9166.4,38.037
2020-05-23,9173.52,9177.58,9173.01,9176.41,42.398
2020-05-24,8734.77,8737.18,8703.0,8711.37,936.165
2020-05-25,8888.22,8895.66,8887.73,8895.65,152.032
2020-05-26,8838.33,8840.96,8836.27,8837.05,62.958
2020-05-27,9187.31,9199.0,9185.09,9197.32,698.007
2020-05-28,9559.91,9574.0,9559.59,9569.59,349.518
2020-05-29,9420.97,9422.93,9420.51,9422.26,19.083
2020-05-30,9690.2,9695.0,9689.94,9695.0,92.907
2020-05-31,9456.92,9460.0,9446.0,9446.43,234.907
2020-06-01,10234.0,10238.92,10217.0,10232.48,416.716
2020-06-02,9525.12,9525.94,9514.89,9514.9,62.508
2020-06-03,9652.3,9663.87,9651.83,9663.59,156.062
2020-06-04,9789.0,9794.99,9787.59,9788.33,98.427
2020-06-05,9624.12,9624.39,9615.08,9617.29,312.489
2020-06-06,9666.38,9666.85,9664.0,9664.0,36.999
2020-06-07,9745.43,9745.65,9742.18,9743.92,44.294
2020-06-08,9773.3,9779.14,9772.61,9778.87,172.385
2020-06-09,9766.35,9774.0,9766.34,9771.66,56.521
2020-06-10,9885.04,9885.86,9884.03,9884.99,52.978
2020-06-11,9287.82,9295.0,9264.96,9278.03,551.528
2020-06-12,9459.82,9462.24,9458.91,9458.91,32.46
2020-06-13,9461.0,9470.0,9460.99,9468.54,358.066
2020-06-14,9339.39,9339.9,9333.62,9339.61,82.49
2020-06-15,9418.17,9422.04,9418.02,9422.01,36.762
2020-06-16,9519.61,9519.89,9518.0,9519.12,54.995
2020-06-17,9456.89,9459.52,9455.7,9458.45,73.904
2020-06-18,9383.99,9384.99,9377.99,9381.59,209.271
2020-06-19,9306.05,9307.59,9306.05,9307.0,50.444
2020-06-20,9350.14,9354.04,9349.98,9354.04,59.088
2020-06-21,9292.98,9293.65,9291.31,9293.51,29.159
2020-06-22,9687.29,9687.29,9686.66,9686.99,32.565
2020-06-23,9631.73,9633.0,9630.65,9631.66,91.687
2020-06-24,9307.29,9315.09,9283.61,9298.4,1634.908
2020-06-25,9246.51,9248.9,9246.51,9246.75,81.128
2020-06-26,9161.21,9161.71,9158.88,9159.99,32.134
2020-06-27,9011.53,9011.53,9008.0,9008.0,51.788
2020-06-28,9125.7,9128.0,9110.7,9114.0,329.726
2020-06-29,9184.78,9189.99,9184.78,9189.48,68.842
2020-06-30,9140.01,9140.01,9130.18,9138.87,202.13
2020-07-01,9232.35,9233.55,9230.0,9233.29,25.079
2020-07-02,9086.93,9088.68,9086.38,9087.72,38.552
2020-07-03,9069.95,9069.95,9057.52,9057.52,238.719
2020-07-04,9129.78,9143.75,9129.78,9137.18,493.476
2020-07-05,9084.76,9093.0,9070.4,9071.86,553.384
2020-07-06,9338.9,9341.33,9335.0,9339.6,203.681
2020-07-07,9256.31,9258.99,9256.3,9258.51,69.228
2020-07-08,9437.35,9437.36,9435.6,9436.08,31.748
2020-07-09,9236.22,9238.74,9236.22,9236.28,36.146
2020-07-10,9284.7,9288.84,9284.46,9288.39,75.612
2020-07-11,9233.03,9233.5,9233.03,9233.5,4.085
2020-07-12,9295.0,9302.77,9295.0,9300.69,260.367
2020-07-13,9242.51,9242.51,9240.07,9241.2,19.625
2020-07-14,9253.0,9254.17,9253.0,9254.17,37.145
2020-07-15,9197.18,9198.49,9196.0,9197.3,83.164
2020-07-16,9131.0,9132.73,9130.99,9132.0,18.656
2020-07-17,9152.14,9152.15,9151.69,9151.69,7.075
2020-07-18,9171.01,9171.8,9171.0,9171.8,2.897
2020-07-19,9208.85,9210.51,9208.02,9210.51,29.275
2020-07-20,9160.25,9161.78,9160.25,9161.13,18.06
2020-07-21,9381.38,9388.01,9381.37,9388.01,110.855
2020-07-22,9526.51,9527.57,9515.78,9518.25,231.023
2020-07-23,9604.52,9607.0,9604.41,9604.41,79.635
2020-07-24,9542.61,9542.61,9539.66,9539.7,14.306
2020-07-25,9699.99,9702.72,9698.1,9701.49,70.659
2020-07-26,9935.99,9939.69,9935.99,9939.69,127.473
2020-07-27,11049.4,11050.0,11032.01,11047.58,501.588
2020-07-28,10926.0,10926.44,10918.99,10919.94,53.446
2020-07-29,11113.77,11120.46,11112.42,11113.03,101.505
2020-07-30,11111.42,11112.16,11110.2,11111.96,66.475
2020-07-31,11337.4,11349.03,11337.4,11343.68,127.777
2020-08-01,11818.32,11820.0,11802.48,11811.42,530.505
2020-08-02,11083.62,11084.34,11058.34,11079.72,308.07
2020-08-03,11230.17,11231.8,11223.47,11227.07,123.463
2020-08-04,11197.08,11201.55,11189.03,11200.05,120.953
2020-08-05,11751.09,11752.5,11751.01,11752.5,69.538
2020-08-06,11769.83,11771.35,11765.81,11770.56,100.227
2020-08-07,11598.76,11599.85,11593.65,11596.06,57.979
2020-08-08,11770.44,11776.75,11763.01,11765.72,175.263
2020-08-09,11681.38,11689.05,11681.38,11685.99,76.247
2020-08-10,11892.93,11897.0,11891.0,11896.89,90.454
2020-08-11,11395.35,11396.35,11389.67,11392.64,98.946
2020-08-12,11566.38,11568.37,11564.08,11568.36,28.549
2020-08-13,11774.61,11790.0,11770.02,11790.0,315.953
2020-08-14,11765.56,11769.66,11765.55,11767.89,57.58
2020-08-15,11867.6,11867.6,11854.25,11859.04,99.014
2020-08-16,11918.43,11923.8,11918.43,11921.23,99.628
2020-08-17,12286.87,12299.58,12286.32,12298.06,176.81
2020-08-18,11980.29,11980.89,11960.41,11960.79,144.639
2020-08-19,11736.98,11769.91,11736.98,11763.87,351.578
2020-08-20,11860.57,11861.24,11857.02,11857.92,73.565
2020-08-21,11531.39,11539.0,11530.06,11538.53,93.908
2020-08-22,11680.0,11680.01,11668.97,11670.47,221.246
2020-08-23,11654.08,11654.52,11651.89,11654.0,70.649
2020-08-24,11755.01,11756.37,11752.37,11753.3,54.242
2020-08-25,11332.62,11333.0,11327.0,11327.17,90.91
2020-08-26,11460.92,11467.74,11460.0,11466.22,540.054
2020-08-27,11307.79,11337.0,11307.79,11335.53,599.931
2020-08-28,11534.05,11534.05,11521.23,11526.85,77.369
2020-08-29,11470.64,11471.14,11463.68,11466.66,200.148
2020-08-30,11714.95,11724.12,11713.04,11714.14,348.936
2020-08-31,11658.11,11660.53,11658.11,11658.11,78.462
2020-09-01,11932.24,11938.17,11930.01,11930.18,229.69
2020-09-02,11398.65,11401.13,11392.45,11396.96,146.397
2020-09-03,10153.1,10168.99,10137.51,10141.08,606.515
2020-09-04,10451.3,10452.24,10445.4,10448.0,98.185
2020-09-05,10164.34,10169.32,10159.24,10168.71,154.118
2020-09-06,10255.11,10258.13,10248.58,10258.13,41.252
2020-09-07,10374.98,10380.0,10373.01,10378.76,180.124
2020-09-08,10122.99,10132.0,10120.1,10129.02,165.976
2020-09-09,10221.0,10223.92,10217.0,10219.29,127.976
2020-09-10,10341.53,10341.54,10332.81,10335.91,63.625
2020-09-11,10386.85,10390.75,10383.64,10387.81,104.078
2020-09-12,10438.1,10439.99,10437.0,10438.28,37.572
2020-09-13,10317.74,10329.99,10317.0,10327.72,351.11
2020-09-14,10662.89,10666.63,10660.21,10664.1,151.646
2020-09-15,10774.57,10779.7,10773.05,10776.78,75.676
2020-09-16,10941.24,10948.17,10936.23,10948.17,92.917
2020-09-17,10933.17,10937.65,10933.16,10935.33,76.985
2020-09-18,10924.66,10928.01,10924.66,10926.29,100.232
2020-09-19,11071.79,11080.0,11071.69,11073.74,165.602
2020-09-20,10917.1,10917.78,10912.42,10914.28,100.242
2020-09-21,10422.33,10423.98,10405.72,10414.73,713.834
2020-09-22,10523.33,10524.63,10521.42,10523.32,92.943
2020-09-23,10228.22,10237.92,10225.85,10237.91,97.182
2020-09-24,10719.93,10731.23,10718.01,10724.92,130.437
2020-09-25,10678.58,10683.99,10677.65,10683.51,61.128
2020-09-26,10726.51,10726.51,10723.0,10726.5,63.462
2020-09-27,10765.5,10768.0,10762.9,10768.0,137.748
2020-09-28,10686.98,10696.45,10686.98,10691.45,196.878
2020-09-29,10838.21,10838.41,10835.75,10836.98,99.92
2020-09-30,10763.84,10774.14,10762.69,10773.0,158.514
2020-10-01,10616.71,10619.14,10612.63,10612.63,150.396
2020-10-02,10564.45,10565.15,10564.45,10565.15,54.19
2020-10-03,10533.55,10538.53,10533.55,10537.96,50.189
2020-10-04,10666.82,10668.35,10660.0,10660.16,119.878
2020-10-05,10777.19,10785.0,10777.07,10785.0,191.242
2020-10-06,10592.0,10597.64,10592.0,10593.65,154.953
2020-10-07,10662.67,10662.68,10658.75,10658.75,99.793
2020-10-08,10920.0,10920.01,10908.04,10919.45,193.912
2020-10-09,11052.65,11052.65,11050.46,11050.47,47.495
2020-10-10,11297.99,11299.27,11293.8,11294.79,58.492
2020-10-11,11371.69,11373.74,11369.59,11369.59,123.781
2020-10-12,11536.45,11536.56,11530.01,11530.36,89.27
2020-10-13,11417.34,11419.93,11417.33,11419.36,32.296
2020-10-14,11413.18,11418.27,11411.97,11417.13,126.315
2020-10-15,11496.61,11504.21,11496.6,11502.0,122.37
2020-10-16,11315.99,11321.46,11315.99,11318.92,66.006
2020-10-17,11354.38,11359.26,11354.37,11356.25,106.135
2020-10-18,11496.4,11505.92,11495.13,11501.1,287.104
2020-10-19,11743.79,11745.0,11743.78,11745.0,28.742
2020-10-20,11898.93,11900.9,11898.93,11900.03,34.639
2020-10-21,12818.19,12821.46,12792.49,12796.07,402.559
2020-10-22,12973.34,12975.6,12957.31,12968.87,322.5
2020-10-23,12933.24,12934.68,12925.82,12925.82,70.036
2020-10-24,13111.29,13119.0,13110.82,13110.88,220.36
2020-10-25,13017.53,13026.0,13017.53,13023.81,71.102
2020-10-26,13047.61,13054.14,13045.43,13047.24,193.564
2020-10-27,13626.23,13634.37,13624.36,13629.38,246.382
2020-10-28,13265.46,13268.85,13255.29,13256.17,109.438
2020-10-29,13439.21,13448.04,13439.21,13446.65,105.572
2020-10-30,13540.51,13550.39,13536.99,13549.12,95.723
2020-10-31,13791.99,13794.51,13783.73,13783.73,134.415
2020-11-01,13752.03,13753.88,13742.35,13752.86,169.511
2020-11-02,13550.62,13552.68,13540.0,13540.54,82.3
2020-11-03,14000.02,14020.0,13996.7,14016.55,560.305
2020-11-04,14125.01,14144.0,14120.03,14134.31,506.198
2020-11-05,15598.92,15603.01,15582.48,15598.75,418.994
2020-11-06,15581.91,15590.96,15575.0,15590.96,107.276
2020-11-07,14815.01,14828.7,14815.0,14824.34,201.632
2020-11-08,15478.31,15482.29,15473.19,15473.2,52.959
2020-11-09,15312.5,15329.23,15312.0,15328.72,105.898
2020-11-10,15294.43,15305.72,15294.43,15294.68,113.931
2020-11-11,15700.06,15700.5,15690.0,15690.24,113.313
2020-11-12,16278.51,16295.1,16278.31,16289.02,96.856
2020-11-13,16320.0,16322.0,16316.81,16320.54,65.837
2020-11-14,16064.65,16067.54,16056.76,16064.51,178.498
2020-11-15,15948.61,15953.56,15940.02,15952.27,214.116
2020-11-16,16702.11,16707.08,16689.5,16707.07,205.053
2020-11-17,17675.09,17675.1,17661.0,17670.01,112.439
2020-11-18,17795.34,17795.34,17776.89,17788.32,138.857
2020-11-19,17809.2,17822.0,17801.0,17811.68,155.752
2020-11-20,18675.66,18684.39,18659.99,18664.31,182.15
2020-11-21,18704.29,18722.95,18698.41,18721.99,308.871
2020-11-22,18424.63,18465.21,18423.13,18435.2,566.557
2020-11-23,18404.52,18407.22,18379.88,18382.07,183.083
2020-11-24,19185.98,19194.76,19145.67,19179.64,623.5
2020-11-25,18752.69,18760.35,18738.42,18741.67,191.754
2020-11-26,17149.96,17166.46,17145.34,17155.34,173.94
2020-11-27,17119.86,17144.99,17109.86,17144.1,156.626
2020-11-28,17708.57,17725.97,17708.57,17717.74,103.341
2020-11-29,18170.1,18181.09,18170.0,18181.09,50.665
2020-11-30,19684.8,19735.8,19681.0,19720.0,569.101
2020-12-01,18773.72,18782.05,18760.41,18772.7,117.175
2020-12-02,19209.76,19231.78,19207.0,19207.01,119.298
2020-12-03,19428.01,19444.1,19428.01,19434.3,31.705
2020-12-04,18668.0,18676.35,18650.0,18664.2,241.337
2020-12-05,19146.24,19150.0,19141.0,19147.62,74.419
2020-12-06,19393.61,19397.0,19371.02,19375.02,197.929
2020-12-07,19170.76,19178.0,19170.0,19172.88,117.852
2020-12-08,18314.0,18328.63,18313.13,18319.32,143.513
2020-12-09,18539.08,18539.08,18536.62,18537.98,25.637
2020-12-10,18253.83,18256.1,18234.0,18253.51,135.726
2020-12-11,18049.32,18050.89,18005.0,18031.47,638.483
2020-12-12,18776.62,18800.0,18776.0,18800.0,99.493
2020-12-13,19176.28,19185.88,19175.06,19175.07,130.893
2020-12-14,19272.64,19274.0,19265.74,19270.7,32.523
2020-12-15,19414.16,19429.74,19414.16,19424.91,49.339
2020-12-16,21361.73,21383.2,21346.8,21346.8,254.445
2020-12-17,22820.0,22863.68,22815.0,22816.99,213.714
2020-12-18,23152.98,23152.98,23123.0,23124.35,208.185
2020-12-19,23878.02,23878.02,23840.32,23847.28,229.504
2020-12-20,23483.83,23514.17,23470.45,23472.96,246.693
2020-12-21,22721.86,22762.09,22710.0,22730.1,534.252
2020-12-22,23841.0,23850.0,23823.26,23826.99,427.257
2020-12-23,23259.1,23274.26,23230.0,23238.27,134.279
2020-12-24,23751.47,23757.19,23732.26,23737.44,110.997
2020-12-25,24670.0,24747.9,24660.5,24730.0,765.077
2020-12-26,26484.4,26511.03,26472.0,26508.83,89.549
2020-12-27,26260.0,26309.0,26260.0,26305.64,197.223
2020-12-28,27105.61,27120.0,27090.0,27102.66,129.076
2020-12-29,27410.0,27411.0,27374.08,27402.83,271.037
2020-12-30,28915.05,28926.27,28878.43,28906.99,170.215
2020-12-31,28939.9,28981.55,28934.65,28951.68,126.979
2021-01-01,29326.55,29350.0,29326.55,29337.16,81.585
2021-01-02,32208.71,32222.0,32172.18,32199.91,291.592
2021-01-03,32984.17,33077.34,32965.54,33054.53,535.856
2021-01-04,32049.71,32068.0,32022.56,32031.07,251.813
2021-01-05,33944.26,34016.13,33937.37,33999.52,141.828
2021-01-06,36891.2,36907.85,36800.0,36823.68,383.755
2021-01-07,39440.66,39525.94,39440.66,39498.92,175.134
2021-01-08,40631.11,40680.31,40601.0,40637.23,208.985
2021-01-09,40136.82,40156.81,40113.21,40136.04,97.368
2021-01-10,38250.46,38315.18,38200.0,38221.67,213.22
2021-01-11,35544.81,35564.58,35405.0,35408.46,384.582
2021-01-12,34099.29,34127.81,34009.81,34056.9,285.59
2021-01-13,37395.3,37455.84,37389.38,37421.07,232.368
2021-01-14,39337.07,39355.2,39131.89,39163.31,803.089
2021-01-15,36880.0,36880.0,36750.08,36755.24,149.81
2021-01-16,36086.0,36116.19,36021.75,36025.66,286.713
2021-01-17,35859.0,35897.0,35857.79,35869.83,79.435
2021-01-18,36649.15,36696.28,36642.25,36686.86,94.325
2021-01-19,36040.41,36040.67,35850.0,35891.03,1163.454
2021-01-20,35520.01,35578.0,35490.0,35500.0,337.883
2021-01-21,30766.71,30919.05,30750.0,30879.97,700.464
2021-01-22,33060.01,33060.01,32986.06,32986.34,140.309
2021-01-23,32105.09,32111.69,32078.31,32086.48,77.798
2021-01-24,32262.13,32279.75,32234.03,32275.63,132.369
2021-01-25,32299.09,32302.27,32201.59,32253.68,220.469
2021-01-26,32523.24,32534.71,32469.42,32474.14,344.975
2021-01-27,30336.06,30433.28,30335.59,30381.04,594.856
2021-01-28,33395.32,33425.33,33349.5,33399.75,349.019
2021-01-29,34330.31,34339.68,34239.36,34269.35,152.505
2021-01-30,34304.21,34329.94,34270.82,34289.85,230.477
2021-01-31,33119.5,33159.69,33116.85,33126.21,101.179
2021-02-01,33574.09,33599.41,33514.52,33546.09,253.36
2021-02-02,35520.05,35542.92,35500.0,35504.06,203.776
2021-02-03,37644.09,37700.0,37634.79,37652.51,263.458
2021-02-04,36995.47,37023.19,36976.92,36976.93,89.043
2021-02-05,38380.99,38388.0,38305.11,38362.65,365.869
2021-02-06,39339.12,39339.12,39225.77,39249.54,425.32
2021-02-07,38909.71,38919.95,38826.04,38849.25,287.253
2021-02-08,46475.27,46492.64,46357.87,46451.32,375.623
2021-02-09,46570.08,46611.27,46489.83,46492.54,134.113
2021-02-10,44943.99,44943.99,44850.0,44850.0,206.225
2021-02-11,48169.23,48178.9,48010.93,48060.21,473.4
2021-02-12,47424.17,47467.53,47327.5,47361.03,350.755
2021-02-13,47192.19,47245.96,47166.4,47221.62,111.494
2021-02-14,48735.39,48744.59,48613.0,48655.21,255.282
2021-02-15,48012.88,48020.0,47950.0,47981.58,204.757
2021-02-16,49176.02,49277.83,49167.21,49197.94,216.002
2021-02-17,52192.75,52209.04,52124.49,52194.62,231.436
2021-02-18,51652.99,51699.32,51600.0,51619.7,366.747
2021-02-19,55962.19,56023.15,55914.16,56004.1,114.434
2021-02-20,56030.01,56042.83,55904.95,55917.41,344.105
2021-02-21,57509.63,57510.18,57462.27,57487.43,97.549
2021-02-22,54110.0,54197.08,54080.0,54121.1,115.292
2021-02-23,48904.81,48964.0,48904.8,48930.0,176.512
2021-02-24,49714.81,49740.36,49665.01,49702.03,219.321
2021-02-25,46838.74,47185.05,46781.61,47089.37,808.365
2021-02-26,46316.28,46405.94,46294.67,46313.13,138.581
2021-02-27,46089.48,46140.0,46032.57,46102.63,141.199
2021-02-28,45095.62,45203.36,45084.75,45163.36,340.238
2021-03-01,49605.31,49627.44,49568.3,49592.7,84.07
2021-03-02,48315.01,48500.0,48290.0,48450.57,498.591
2021-03-03,50451.24,50497.87,50321.39,50373.75,670.259
2021-03-04,48476.0,48483.39,48335.45,48385.77,394.483
2021-03-05,48862.64,48876.0,48724.13,48770.57,272.799
2021-03-06,48856.36,48920.0,48850.14,48908.21,123.648
2021-03-07,51138.87,51170.99,50877.19,50995.27,921.091
2021-03-08,52330.58,52444.0,52320.87,52429.43,262.552
2021-03-09,54908.35,54950.0,54881.2,54917.78,274.287
2021-03-10,56113.23,56128.19,55890.86,55947.98,325.564
2021-03-11,57829.99,57865.39,57767.41,57844.52,123.352
2021-03-12,57276.89,57355.0,57276.89,57291.03,193.974
2021-03-13,61334.34,61334.34,61236.0,61267.41,174.921
2021-03-14,59183.94,59273.67,59005.0,59037.12,1192.308
2021-03-15,55787.76,55798.98,55560.0,55646.61,846.209
2021-03-16,56925.16,56988.0,56886.19,56954.19,482.896
2021-03-17,58934.57,59078.79,58900.0,58959.0,1109.963
2021-03-18,57722.93,57729.79,57700.0,57700.01,92.454
2021-03-19,58191.84,58197.82,58089.1,58089.11,230.476
2021-03-20,58098.36,58181.55,58089.63,58145.61,193.274
2021-03-21,57478.57,57479.99,57355.0,57415.18,162.559
2021-03-22,54244.02,54259.89,54097.42,54129.56,351.019
2021-03-23,54518.01,54541.98,54344.44,54400.0,510.438
2021-03-24,52506.81,52506.81,52300.0,52311.54,724.019
2021-03-25,51442.16,51448.59,51322.38,51325.21,272.569
2021-03-26,55048.31,55091.64,55013.09,55030.0,239.982
2021-03-27,55843.05,55865.23,55828.0,55828.0,100.346
2021-03-28,55764.25,55821.19,55764.25,55805.08,91.416
2021-03-29,57677.27,57688.0,57642.96,57677.64,119.908
2021-03-30,58778.51,58821.55,58778.51,58794.16,199.344
2021-03-31,58804.99,58878.39,58799.99,58807.24,161.301
2021-04-01,58802.9,58810.66,58785.95,58794.01,54.925
2021-04-02,59052.24,59059.2,59024.98,59031.36,55.664
2021-04-03,57095.58,57189.21,57095.58,57134.65,146.283
2021-04-04,58221.11,58234.61,58214.18,58234.61,45.339
2021-04-05,59084.38,59250.0,59050.87,59243.39,824.177
2021-04-06,58051.81,58066.47,58046.97,58059.99,54.536
2021-04-07,55922.46,56026.75,55922.45,56018.18,349.569
2021-04-08,58149.99,58155.51,58103.61,58122.26,131.951
2021-04-09,58164.2,58176.39,58133.61,58176.03,46.885
2021-04-10,59774.99,59863.46,59770.58,59832.43,129.119
2021-04-11,60094.3,60099.91,60034.05,60090.2,128.94
2021-04-12,59927.63,59929.81,59906.46,59911.18,48.077
2021-04-13,63601.6,63649.99,63588.42,63649.71,165.281
2021-04-14,63075.37,63082.59,63018.33,63019.1,144.064
2021-04-15,63283.13,63288.99,63224.31,63232.55,88.129
2021-04-16,61453.93,61464.4,61410.86,61424.67,180.183
2021-04-17,60074.62,60149.99,60065.88,60090.14,131.84
2021-04-18,56173.81,56194.29,56115.01,56140.05,135.209
2021-04-19,55667.22,55682.61,55610.15,55634.39,115.134
2021-04-20,56445.9,56473.75,56410.56,56410.56,65.993
2021-04-21,53881.76,53888.38,53747.31,53800.0,399.746
2021-04-22,51736.28,51800.0,51711.0,51714.61,167.26
2021-04-23,51095.86,51154.37,51081.22,51122.62,172.641
2021-04-24,50061.26,50134.07,50050.0,50092.4,140.563
2021-04-25,48948.08,49065.11,48940.03,49063.94,202.735
2021-04-26,53987.33,54011.05,53937.26,53984.33,147.009
2021-04-27,55019.97,55021.45,55000.0,55006.25,85.06
2021-04-28,54826.78,54880.0,54821.0,54861.77,158.506
2021-04-29,53550.0,53561.61,53540.0,53558.8,35.004
2021-04-30,57714.23,57733.65,57678.46,57684.16,250.579
2021-05-01,57820.0,57847.0,57814.1,57836.34,51.758
2021-05-02,56644.14,56652.89,56610.11,56630.33,89.531
2021-05-03,57191.6,57218.45,57167.08,57214.83,122.479
2021-05-04,53354.4,53363.19,53249.54,53263.32,264.342
2021-05-05,57471.26,57497.77,57451.36,57497.77,106.379
2021-05-06,56433.63,56449.25,56421.0,56435.35,81.437
2021-05-07,57372.33,57386.8,57350.0,57350.88,69.981
2021-05-08,58836.71,58972.79,58820.74,58924.98,280.014
2021-05-09,58279.88,58292.7,58247.68,58292.53,86.749
2021-05-10,55868.08,55911.63,55844.73,55869.67,122.378
2021-05-11,56699.71,56736.1,56690.81,56710.43,78.174
2021-05-12,48705.44,49890.0,48503.74,49595.76,5174.619
2021-05-13,49720.56,49745.54,49669.74,49707.9,156.037
2021-05-14,49872.63,49897.96,49850.0,49873.27,81.617
2021-05-15,46797.37,46821.87,46666.65,46793.41,465.046
2021-05-16,46428.56,46457.01,46378.2,46429.28,316.386
2021-05-17,43583.95,43600.0,43516.18,43566.18,230.055
2021-05-18,42884.97,42928.88,42862.48,42882.53,222.975
2021-05-19,36889.34,36893.01,36603.29,36689.14,942.362
2021-05-20,40720.29,40817.91,40431.04,40500.3,717.986
2021-05-21,37164.56,37269.04,37164.56,37211.02,275.737
2021-05-22,37464.39,37489.66,37403.19,37432.58,154.364
2021-05-23,34622.12,34684.83,34546.67,34651.6,552.034
2021-05-24,38655.96,38790.04,38645.1,38779.66,430.999
2021-05-25,38412.14,38439.39,38309.85,38326.84,482.404
2021-05-26,39199.26,39233.13,39191.39,39224.2,164.831
2021-05-27,38391.23,38533.07,38382.05,38527.38,320.79
2021-05-28,35668.36,35710.0,35650.0,35670.99,405.591
2021-05-29,34638.45,34646.66,34568.0,34611.94,237.917
2021-05-30,35690.89,35691.91,35640.01,35651.81,192.636
2021-05-31,37287.3,37316.49,37241.29,37243.38,323.521
2021-06-01,36682.76,36695.91,36677.77,36693.41,114.717
2021-06-02,37557.85,37578.65,37542.27,37569.99,182.04
2021-06-03,39207.61,39250.0,39163.41,39247.4,368.053
2021-06-04,36847.54,36858.39,36813.25,36828.03,368.558
2021-06-05,35494.92,35524.64,35493.82,35498.62,241.987
2021-06-06,35837.01,35837.32,35794.52,35801.71,290.446
2021-06-07,33522.58,33588.81,33516.25,33550.96,421.533
2021-06-08,33427.67,33427.7,33357.0,33372.58,346.668
2021-06-09,37282.1,37370.0,37282.09,37368.45,532.502
2021-06-10,36652.73,36669.66,36615.03,36669.66,344.039
2021-06-11,37299.7,37313.24,37272.29,37300.42,295.987
2021-06-12,35499.66,35539.34,35450.0,35537.05,302.609
2021-06-13,39078.71,39089.17,38986.53,38993.65,609.281
2021-06-14,40504.17,40520.0,40475.25,40489.1,285.896
2021-06-15,40130.03,40162.32,40124.48,40132.86,282.55
2021-06-16,38331.54,38356.22,38326.32,38344.97,240.31
2021-06-17,37998.7,38061.4,37998.7,38060.71,266.376
2021-06-18,35706.0,35823.06,35700.0,35811.41,546.813
2021-06-19,35549.7,35549.71,35483.0,35483.0,402.62
2021-06-20,35634.87,35634.87,35557.31,35588.64,579.927
2021-06-21,31672.23,31719.33,31603.97,31606.0,507.439
2021-06-22,32449.98,32496.0,32445.59,32496.0,384.962
2021-06-23,33619.98,33658.54,33605.0,33649.0,401.665
2021-06-24,34660.0,34663.48,34631.85,34644.64,247.786
2021-06-25,31604.4,31611.64,31559.82,31568.07,612.345
2021-06-26,32125.1,32289.92,32114.86,32255.56,2416.079
2021-06-27,34612.98,34710.0,34604.2,34687.71,880.612
2021-06-28,34440.74,34488.0,34432.13,34487.22,251.909
2021-06-29,35856.29,35930.42,35829.66,35911.26,366.86
2021-06-30,35009.72,35039.31,35001.36,35031.39,216.173
2021-07-01,33539.84,33543.45,33489.72,33489.96,291.114
2021-07-02,33811.32,33811.33,33754.13,33760.94,447.676
2021-07-03,34650.01,34660.65,34650.0,34652.94,267.18
2021-07-04,35306.85,35306.85,35270.0,35280.16,278.931
2021-07-05,33654.05,33710.0,33654.05,33672.72,700.192
2021-07-06,34223.19,34250.01,34200.0,34206.01,531.508
2021-07-07,33837.65,33860.0,33825.95,33845.64,340.767
2021-07-08,32843.67,32880.0,32835.43,32852.04,323.717
2021-07-09,33784.12,33810.0,33774.96,33805.01,507.019
2021-07-10,33512.33,33512.33,33487.0,33497.98,310.244
2021-07-11,34221.42,34253.81,34214.17,34253.81,153.266
2021-07-12,33127.54,33160.09,33070.86,33070.87,806.76
2021-07-13,32679.16,32720.0,32677.76,32709.09,336.387
2021-07-14,32803.97,32806.59,32800.0,32803.01,92.299
2021-07-15,31813.6,31876.0,31803.13,31866.43,2014.784
2021-07-16,31390.0,31399.98,31370.63,31382.95,185.338
2021-07-17,31490.0,31499.35,31470.77,31496.65,239.405
2021-07-18,31750.62,31772.94,31747.63,31767.0,373.959
2021-07-19,30796.01,30825.0,30796.0,30823.62,261.035
2021-07-20,29777.67,29777.68,29762.01,29775.9,200.397
2021-07-21,32071.78,32120.0,32071.77,32120.0,184.543
2021-07-22,32285.0,32285.0,32266.9,32268.11,152.86
2021-07-23,33562.98,33650.0,33554.24,33634.46,1296.23
2021-07-24,34240.01,34240.01,34213.21,34230.0,237.169
2021-07-25,35327.18,35399.33,35323.63,35370.66,747.568
2021-07-26,37274.24,37299.48,37205.0,37218.09,396.971
2021-07-27,39374.45,39546.34,39371.58,39442.33,1323.873
2021-07-28,39976.73,40010.0,39933.86,40003.08,301.082
2021-07-29,39985.0,40014.5,39964.9,40012.9,196.843
2021-07-30,42224.69,42316.6,42142.75,42203.25,1729.213
2021-07-31,41587.04,41596.33,41254.41,41448.11,2704.643
2021-08-01,39968.53,39969.36,39838.0,39846.78,696.722
2021-08-02,39163.0,39181.77,39130.94,39147.48,155.931
2021-08-03,38138.73,38210.7,38132.84,38203.26,573.621
2021-08-04,39750.22,39750.22,39726.04,39731.31,104.037
2021-08-05,40882.51,40885.4,40870.82,40882.4,111.412
2021-08-06,42778.11,42827.0,42750.01,42825.43,253.277
2021-08-07,44536.28,44650.0,44525.15,44601.11,605.475
2021-08-08,43776.78,43828.85,43770.38,43787.71,267.732
2021-08-09,46350.0,46350.11,46259.7,46259.7,244.609
2021-08-10,45572.99,45598.26,45572.98,45589.99,105.527
2021-08-11,45559.8,45575.88,45522.0,45522.12,262.411
2021-08-12,44363.51,44410.0,44363.5,44385.09,111.892
2021-08-13,47784.2,47815.57,47783.93,47792.52,190.296
2021-08-14,47076.99,47088.5,47067.68,47083.74,82.503
2021-08-15,47047.22,47052.63,47003.0,47006.02,276.632
2021-08-16,46009.21,46022.21,45920.17,45926.23,258.672
2021-08-17,44699.99,44738.47,44679.22,44704.84,135.648
2021-08-18,44754.91,44773.49,44700.0,44714.09,522.008
2021-08-19,46748.0,46778.02,46748.0,46772.0,249.037
2021-08-20,49320.58,49333.0,49290.0,49332.74,249.821
2021-08-21,48900.0,48945.96,48838.29,48848.29,390.481
2021-08-22,49310.08,49310.08,49261.56,49273.28,168.835
2021-08-23,49544.5,49573.59,49523.91,49523.91,132.152
2021-08-24,47720.85,47772.66,47719.36,47719.36,191.602
2021-08-25,48969.48,49024.5,48969.43,48992.65,164.405
2021-08-26,46937.66,46937.68,46808.6,46853.06,659.155
2021-08-27,49059.83,49110.58,49034.57,49083.98,186.199
2021-08-28,48900.34,48932.0,48900.33,48931.99,131.654
2021-08-29,48802.92,48814.91,48790.0,48795.41,233.656
2021-08-30,47066.12,47072.33,47000.0,47024.7,269.529
2021-08-31,47184.11,47186.11,47147.01,47150.32,150.469
2021-09-01,48851.92,48888.0,48834.15,48842.94,253.786
2021-09-02,49339.5,49341.74,49274.27,49299.14,340.082
2021-09-03,50027.91,50030.51,50010.57,50027.08,146.581
2021-09-04,49942.24,49942.25,49936.35,49940.74,53.238
2021-09-05,51788.92,51809.95,51774.05,51799.57,123.974
2021-09-06,52655.01,52698.21,52654.5,52683.97,106.11
2021-09-07,46774.68,46864.8,46750.0,46864.39,110.721
2021-09-08,46069.02,46091.21,46040.01,46062.29,116.649
2021-09-09,46399.05,46416.52,46376.98,46413.88,85.09
2021-09-10,44865.17,44884.96,44850.0,44860.83,89.506
2021-09-11,45180.8,45194.11,45151.52,45193.78,108.011
2021-09-12,46091.85,46105.98,46042.2,46046.73,250.418
2021-09-13,44967.6,44985.24,44967.6,44975.96,61.941
2021-09-14,47043.33,47122.38,47028.88,47087.18,274.793
2021-09-15,48138.83,48143.62,48089.69,48106.12,107.29
2021-09-16,47766.1,47775.35,47745.43,47745.55,66.246
2021-09-17,47297.98,47303.11,47280.6,47303.11,91.823
2021-09-18,48300.0,48330.0,48263.69,48285.15,292.302
2021-09-19,47242.85,47258.51,47234.74,47256.91,70.599
2021-09-20,42840.54,43050.0,42836.08,43026.6,512.604
2021-09-21,40725.11,40730.85,40590.48,40726.1,418.846
2021-09-22,43527.68,43550.75,43508.79,43520.0,154.727
2021-09-23,44830.02,44834.84,44820.0,44828.29,73.088
2021-09-24,42781.52,42822.59,42781.52,42798.49,152.027
2021-09-25,42641.91,42661.07,42640.75,42651.58,40.265
2021-09-26,43141.1,43199.61,43128.46,43150.0,154.428
2021-09-27,42175.6,42180.38,42116.0,42122.69,228.444
2021-09-28,40964.09,41033.57,40953.93,41006.32,384.419
2021-09-29,41526.21,41542.99,41487.94,41499.71,158.321
2021-09-30,43750.39,43813.34,43740.04,43796.57,117.368
2021-10-01,48133.31,48154.0,48102.4,48123.94,174.483
2021-10-02,47674.5,47677.19,47617.61,47626.61,156.283
2021-10-03,48174.58,48193.23,48168.01,48187.3,60.628
2021-10-04,49181.45,49279.34,49161.9,49198.22,432.372
2021-10-05,51472.01,51509.89,51440.46,51455.12,126.093
2021-10-06,55336.8,55343.06,55307.46,55321.6,113.061
2021-10-07,53794.11,53815.0,53785.95,53814.99,36.268
2021-10-08,53993.11,53999.99,53930.64,53975.0,93.939
2021-10-09,54962.96,54989.0,54902.28,54960.77,191.239
2021-10-10,54731.14,54755.25,54700.0,54700.0,110.48
2021-10-11,57485.98,57542.95,57460.29,57500.01,347.948
2021-10-12,56036.84,56045.78,55930.86,56011.84,435.584
2021-10-13,57416.27,57422.06,57384.0,57393.65,71.269
2021-10-14,57348.53,57390.98,57348.35,57378.19,58.478
2021-10-15,61659.66,61736.74,61646.6,61702.33,186.14
2021-10-16,60930.87,60942.04,60900.03,60925.56,60.755
2021-10-17,61577.81,61599.99,61545.25,61571.45,202.486
2021-10-18,62049.74,62089.0,62031.3,62037.92,181.083
2021-10-19,64282.03,64321.45,64259.12,64316.7,159.092
2021-10-20,66067.07,66085.37,66015.37,66064.24,165.769
2021-10-21,62247.18,62299.59,62227.0,62260.33,151.255
2021-10-22,60737.46,60740.02,60727.84,60734.27,56.141
2021-10-23,61385.67,61386.17,61325.11,61325.11,97.307
2021-10-24,60929.68,60938.88,60902.82,60902.82,45.383
2021-10-25,63123.61,63131.01,63106.45,63127.04,116.898
2021-10-26,60356.7,60372.33,60311.15,60358.75,176.24
2021-10-27,58458.98,58499.99,58432.71,58449.36,186.195
2021-10-28,60643.36,60649.53,60618.06,60622.03,59.518
2021-10-29,62286.78,62325.0,62283.7,62308.22,79.22
2021-10-30,61904.91,61930.0,61853.09,61895.19,153.73
2021-10-31,61340.0,61366.0,61337.81,61348.61,45.549
2021-11-01,60985.42,60991.44,60916.46,60942.87,247.413
2021-11-02,63239.22,63270.8,63218.48,63266.69,136.931
2021-11-03,62955.03,62966.13,62933.52,62946.45,36.472
2021-11-04,61421.38,61464.89,61421.38,61431.86,52.98
2021-11-05,61040.19,61040.2,61006.0,61006.0,79.427
2021-11-06,61500.34,61520.32,61500.34,61511.3,77.349
2021-11-07,63326.74,63377.58,63287.95,63316.4,392.858
2021-11-08,67624.08,67627.47,67578.02,67606.96,117.078
2021-11-09,66985.12,67010.07,66937.95,67009.98,76.08
2021-11-10,65038.79,65057.78,64918.51,64920.13,143.424
2021-11-11,64877.95,64877.95,64831.3,64831.3,85.786
2021-11-12,64208.89,64208.89,64141.52,64156.08,145.393
2021-11-13,64430.79,64449.44,64426.05,64427.0,53.105
2021-11-14,65518.2,65569.99,65511.52,65568.39,270.336
2021-11-15,63602.45,63677.97,63590.38,63654.49,188.027
2021-11-16,60142.63,60173.66,60087.82,60106.03,190.002
2021-11-17,60362.26,60414.45,60354.44,60366.96,90.122
2021-11-18,56952.58,57000.0,56891.52,56921.05,241.348
2021-11-19,58092.9,58105.7,58057.79,58069.51,66.115
2021-11-20,59680.41,59721.0,59664.38,59716.29,67.275
2021-11-21,58710.0,58777.94,58624.58,58661.39,240.191
2021-11-22,56274.9,56338.32,56268.31,56268.31,79.354
2021-11-23,57574.0,57613.11,57556.27,57574.23,147.567
2021-11-24,57189.59,57223.96,57165.08,57165.08,41.596
2021-11-25,58925.96,58988.21,58890.19,58988.21,60.356
2021-11-26,53556.04,53802.68,53530.0,53755.65,507.241
2021-11-27,54782.71,54848.42,54731.72,54738.77,247.932
2021-11-28,57247.04,57332.1,57195.84,57315.73,288.047
2021-11-29,57816.95,57831.62,57800.01,57827.98,48.826
2021-11-30,57015.36,57048.73,56892.2,56975.0,233.316
2021-12-01,57227.4,57249.97,57205.73,57209.29,65.144
2021-12-02,56528.04,56529.63,56503.54,56513.57,39.83
2021-12-03,53534.22,53713.63,53534.21,53612.0,251.213
2021-12-04,49143.84,49274.31,49106.8,49135.66,391.06
2021-12-05,49303.32,49376.6,49277.97,49376.6,169.547
2021-12-06,50527.1,50533.03,50422.61,50424.72,213.753
2021-12-07,50593.91,50593.91,50552.03,50577.2,70.634
2021-12-08,50454.23,50459.6,50429.33,50455.61,29.916
2021-12-09,47642.71,47647.46,47538.04,47539.76,175.953
2021-12-10,47119.91,47199.82,47090.41,47136.35,221.86
2021-12-11,49314.24,49381.15,49258.56,49381.15,121.303
2021-12-12,50071.58,50080.0,50051.83,50057.01,39.399
2021-12-13,46703.99,46717.68,46652.75,46679.93,102.593
2021-12-14,48346.87,48371.56,48324.04,48324.04,135.944
2021-12-15,48865.0,48879.45,48860.0,48870.48,44.622
2021-12-16,47641.99,47650.0,47612.98,47624.5,69.215
2021-12-17,46106.44,46172.71,46102.42,46125.33,235.495
2021-12-18,46803.71,46834.95,46803.71,46815.99,70.457
2021-12-19,46678.04,46696.34,46662.35,46668.63,157.046
2021-12-20,46870.78,46898.14,46859.0,46898.14,100.858
2021-12-21,48867.01,48898.53,48862.1,48875.15,141.159
2021-12-22,48574.6,48593.09,48558.39,48569.69,97.271
2021-12-23,50750.0,50817.92,50750.0,50817.92,115.759
2021-12-24,50759.99,50808.55,50749.71,50808.55,134.317
2021-12-25,50395.22,50438.98,50380.0,50403.64,234.003
2021-12-26,50779.07,50783.29,50752.58,50765.73,60.341
2021-12-27,50684.12,50715.0,50657.4,50707.72,128.529
2021-12-28,47542.16,47543.97,47491.13,47522.03,262.084
2021-12-29,46386.49,46447.41,46386.49,46436.54,154.029
2021-12-30,47111.6,47118.2,47088.27,47095.02,52.321
2021-12-31,46179.94,46235.44,46175.26,46210.56,172.576
2022-01-01,47709.35,47736.12,47692.1,47704.35,176.17
2022-01-02,47321.61,47321.61,47280.0,47280.0,58.651
2022-01-03,46423.15,46445.81,46408.49,46445.81,170.341
2022-01-04,45871.32,45884.56,45831.57,45833.42,109.666
2022-01-05,43420.27,43433.9,43364.91,43421.69,470.108
2022-01-06,43123.17,43129.26,43080.0,43080.01,102.243
2022-01-07,41549.83,41553.88,41502.85,41553.86,49.459
2022-01-08,41708.52,41710.35,41670.03,41688.05,128.409
2022-01-09,41840.07,41851.22,41819.34,41851.22,82.375
2022-01-10,41814.22,41817.13,41791.98,41801.55,73.172
2022-01-11,42712.49,42712.49,42675.42,42700.68,106.456
2022-01-12,43864.36,43894.53,43855.72,43880.72,142.267
2022-01-13,42522.71,42560.0,42505.96,42534.32,181.285
2022-01-14,43052.54,43065.47,43040.94,43042.4,37.509
2022-01-15,43095.26,43095.26,43060.0,43070.51,157.442
2022-01-16,43054.89,43063.01,43052.98,43060.66,44.0
2022-01-17,42207.08,42213.12,42173.55,42176.34,63.899
2022-01-18,42354.99,42357.02,42334.19,42337.58,103.734
2022-01-19,41696.05,41707.99,41648.76,41657.89,216.432
2022-01-20,40683.8,40747.46,40655.53,40661.69,473.997
2022-01-21,36489.59,36497.17,36423.19,36425.98,400.165
2022-01-22,35025.72,35069.0,35011.86,35043.73,170.822
2022-01-23,36229.69,36257.37,36219.85,36230.01,157.368
2022-01-24,36632.42,36673.66,36615.0,36648.31,84.124
2022-01-25,36896.15,36938.71,36887.09,36934.26,97.564
2022-01-26,36764.62,36789.86,36750.33,36787.43,152.917
2022-01-27,37038.92,37166.0,37036.9,37131.0,307.604
2022-01-28,37720.87,37723.33,37689.0,37696.21,135.046
2022-01-29,38171.06,38171.06,38123.48,38150.01,173.11
2022-01-30,37876.58,37931.61,37870.0,37870.01,146.34
2022-01-31,38475.51,38475.52,38434.41,38439.04,124.198
2022-02-01,38688.23,38700.0,38674.94,38680.51,104.766
2022-02-02,36893.75,36910.94,36863.42,36892.03,133.662
2022-02-03,37252.13,37300.0,37222.71,37289.86,561.331
2022-02-04,41522.36,41550.0,41516.36,41550.0,469.95
2022-02-05,41415.04,41415.04,41369.19,41374.69,94.314
2022-02-06,42374.68,42396.6,42342.0,42361.35,151.007
2022-02-07,43820.23,43847.2,43808.81,43829.99,117.204
2022-02-08,44023.55,44026.63,43989.22,44021.57,248.994
2022-02-09,44360.41,44369.45,44351.89,44358.08,61.279
2022-02-10,43474.51,43492.34,43451.44,43471.29,125.065
2022-02-11,42362.97,42382.35,42360.0,42366.0,107.413
2022-02-12,42183.12,42199.94,42162.52,42199.87,80.425
2022-02-13,42009.01,42045.83,41980.0,42041.13,338.328
2022-02-14,42555.73,42555.73,42515.0,42525.14,95.675
2022-02-15,44477.3,44557.4,44477.3,44529.6,332.068
2022-02-16,43852.0,43875.0,43820.1,43860.7,334.779
2022-02-17,40520.7,40538.6,40487.0,40491.7,142.306
2022-02-18,39988.1,39988.1,39964.1,39966.8,43.729
2022-02-19,40068.4,40068.4,40051.9,40052.6,52.351
2022-02-20,38344.3,38372.8,38320.0,38368.1,389.075
2022-02-21,37008.9,37039.6,36960.0,36986.4,364.105
2022-02-22,38213.4,38227.1,38205.7,38212.0,108.476
2022-02-23,37196.0,37229.8,37172.0,37227.8,427.051
2022-02-24,38343.9,38360.9,38303.4,38315.1,181.162
2022-02-25,39187.5,39205.4,39175.1,39205.4,73.811
2022-02-26,39071.9,39099.7,39055.5,39099.3,90.766
2022-02-27,37674.8,37699.2,37629.1,37672.0,200.541
2022-02-28,43198.4,43198.4,43146.6,43155.0,166.941
2022-03-01,44362.3,44399.6,44362.3,44394.1,87.43
2022-03-02,43909.2,43919.0,43880.9,43885.7,62.186
2022-03-03,42456.9,42460.3,42443.9,42449.5,40.856
2022-03-04,39111.4,39137.1,39111.4,39127.7,158.737
2022-03-05,39377.3,39381.1,39368.5,39375.1,18.733
2022-03-06,38390.2,38404.7,38373.0,38401.1,137.693
2022-03-07,38036.8,38039.4,37963.6,37963.8,134.278
2022-03-08,38724.2,38731.9,38700.0,38709.9,58.588
2022-03-09,41933.1,41949.0,41905.4,41937.5,117.85
2022-03-10,39419.3,39419.4,39400.0,39407.2,46.236
2022-03-11,38723.7,38723.7,38708.1,38713.0,130.93
2022-03-12,38718.2,38802.7,38700.0,38792.6,498.163
2022-03-13,37775.0,37797.7,37726.9,37743.7,195.79
2022-03-14,39660.0,39664.7,39625.7,39653.8,201.219
2022-03-15,39288.1,39288.1,39268.2,39271.0,170.548
2022-03-16,41105.6,41109.1,41100.6,41105.8,45.081
2022-03-17,40921.9,40922.0,40882.6,40898.1,140.175
2022-03-18,41786.7,41786.7,41736.0,41751.5,203.645
2022-03-19,42186.0,42198.7,42180.0,42188.2,72.993
2022-03-20,41213.4,41264.3,41204.3,41261.0,193.857
2022-03-21,41033.7,41037.6,40982.0,40982.0,154.564
2022-03-22,42346.7,42351.9,42340.7,42349.8,74.218
2022-03-23,42901.3,42905.5,42858.6,42867.9,284.043
2022-03-24,43960.1,43976.0,43960.0,43973.4,90.962
2022-03-25,44266.6,44293.3,44266.6,44290.6,37.496
2022-03-26,44509.9,44509.9,44489.2,44489.2,51.942
2022-03-27,46820.9,46850.3,46820.0,46820.8,146.925
2022-03-28,47108.3,47127.1,47080.5,47121.9,144.603
2022-03-29,47413.7,47434.2,47405.0,47418.5,211.348
2022-03-30,47006.5,47054.1,47006.4,47053.2,113.674
2022-03-31,45482.7,45529.8,45482.7,45506.0,144.111
2022-04-01,46247.7,46273.0,46247.7,46266.2,49.476
2022-04-02,45785.4,45794.7,45769.9,45794.6,122.612
2022-04-03,46389.2,46401.8,46378.4,46392.4,90.017
2022-04-04,46608.0,46618.0,46574.7,46580.9,113.865
2022-04-05,45472.7,45494.2,45451.3,45477.4,157.165
2022-04-06,43166.3,43176.0,43148.0,43159.7,125.409
2022-04-07,43405.7,43452.8,43404.8,43417.1,88.751
2022-04-08,42255.7,42258.7,42227.0,42229.2,87.122
2022-04-09,42738.6,42742.2,42721.8,42727.7,77.639
2022-04-10,42093.1,42140.4,42077.8,42140.4,212.134
2022-04-11,39456.7,39507.6,39456.7,39505.6,164.501
2022-04-12,40050.0,40060.9,40035.1,40060.7,115.06
2022-04-13,41120.0,41129.9,41106.9,41129.8,55.29
2022-04-14,39918.3,39918.3,39905.9,39915.9,40.559
2022-04-15,40532.5,40546.4,40519.4,40529.5,51.729
2022-04-16,40355.9,40362.9,40352.3,40361.0,72.639
2022-04-17,39675.9,39684.9,39642.6,39649.1,134.533
2022-04-18,40782.6,40794.2,40774.2,40785.6,68.755
2022-04-19,41470.5,41473.0,41466.2,41472.9,38.529
2022-04-20,41344.1,41345.9,41321.0,41327.7,60.477
2022-04-21,40451.2,40463.2,40438.1,40449.8,207.376
2022-04-22,39685.5,39685.5,39670.9,39674.2,51.062
2022-04-23,39401.9,39419.2,39374.3,39415.1,204.088
2022-04-24,39448.4,39448.4,39433.3,39433.4,77.597
2022-04-25,40424.5,40424.5,40390.2,40411.0,191.57
2022-04-26,38100.5,38117.6,38089.9,38093.7,109.698
2022-04-27,39202.3,39211.4,39201.7,39209.0,46.507
2022-04-28,39749.5,39749.6,39732.5,39732.5,47.119
2022-04-29,38559.4,38577.2,38559.3,38572.2,33.587
2022-04-30,37634.2,37639.0,37600.0,37614.5,231.532
2022-05-01,38435.6,38462.0,38434.0,38440.5,62.563
2022-05-02,38517.8,38525.6,38511.2,38525.6,73.18
2022-05-03,37714.4,37721.1,37700.1,37712.9,111.653
2022-05-04,39688.9,39700.0,39684.0,39684.0,62.924
2022-05-05,36542.2,36558.1,36523.0,36534.7,123.37
2022-05-06,36004.8,36009.7,35991.0,35995.3,35.97
2022-05-07,35467.9,35479.8,35459.2,35466.7,84.149
2022-05-08,34096.2,34096.2,34019.9,34032.0,328.518
2022-05-09,30137.2,30175.1,30003.6,30056.6,1443.674
2022-05-10,31002.6,31014.0,30977.3,31002.1,83.084
2022-05-11,29015.6,29100.0,28980.0,29074.7,348.945
2022-05-12,29043.4,29043.5,28959.5,29020.7,458.005
2022-05-13,29280.1,29293.3,29267.3,29274.3,123.064
2022-05-14,30070.7,30083.4,30062.4,30079.8,93.75
2022-05-15,31293.1,31339.2,31293.1,31324.4,316.856
2022-05-16,29835.8,29870.0,29835.7,29866.7,129.558
2022-05-17,30428.4,30440.0,30428.4,30437.0,74.281
2022-05-18,28642.1,28717.1,28642.0,28700.6,326.02
2022-05-19,30319.0,30325.7,30317.7,30319.9,77.346
2022-05-20,29177.4,29201.0,29176.6,29188.9,91.565
2022-05-21,29442.2,29443.1,29422.5,29427.4,83.68
2022-05-22,30274.2,30290.8,30266.0,30284.0,211.321
2022-05-23,29082.1,29098.5,29077.3,29097.7,99.39
2022-05-24,29630.1,29649.6,29630.1,29643.1,50.613
2022-05-25,29549.6,29549.7,29533.6,29536.7,92.018
2022-05-26,29169.7,29223.7,29169.7,29194.0,603.074
2022-05-27,28601.9,28623.3,28590.5,28623.2,80.551
2022-05-28,29022.3,29023.7,29015.5,29018.8,83.57
2022-05-29,29450.1,29457.9,29450.0,29452.8,69.161
2022-05-30,31739.9,31740.0,31714.7,31726.5,68.801
2022-05-31,31772.6,31797.9,31772.1,31797.8,104.081
2022-06-01,29775.9,29797.6,29775.9,29796.9,100.681
2022-06-02,30436.0,30448.0,30434.1,30437.1,95.68
2022-06-03,29689.9,29691.7,29680.0,29682.8,55.801
2022-06-04,29851.8,29859.9,29846.9,29848.4,93.75
2022-06-05,29922.7,29922.7,29895.0,29909.9,103.402
2022-06-06,31368.6,31373.3,31360.2,31361.2,74.944
2022-06-07,31126.5,31141.9,31107.5,31118.1,238.084
2022-06-08,30197.3,30208.0,30190.0,30192.5,86.587
2022-06-09,30090.1,30093.4,30088.2,30093.3,31.198
2022-06-10,29075.5,29084.9,29074.8,29077.7,57.793
2022-06-11,28378.8,28416.7,28367.7,28416.7,327.602
2022-06-12,26661.4,26675.9,26538.7,26564.7,3144.054
2022-06-13,22450.0,22496.6,22426.4,22471.5,396.588
2022-06-14,22184.4,22186.9,22110.0,22122.7,885.845
2022-06-15,22569.0,22591.8,22564.8,22567.5,272.927
2022-06-16,20357.1,20391.4,20357.1,20387.4,273.96
2022-06-17,20451.3,20457.3,20441.3,20457.3,67.152
2022-06-18,19001.2,19006.4,18959.1,18959.7,300.153
2022-06-19,20567.4,20584.0,20560.0,20564.2,194.923
2022-06-20,20568.4,20585.1,20565.0,20570.1,209.908
2022-06-21,20722.3,20728.2,20699.0,20713.1,173.768
2022-06-22,19962.2,19977.5,19958.3,19977.4,162.717
2022-06-23,21093.5,21097.1,21083.8,21096.6,119.737
2022-06-24,21204.8,21238.7,21204.8,21231.2,570.767
2022-06-25,21471.3,21501.7,21471.3,21481.9,346.432
2022-06-26,21038.2,21044.3,21022.3,21029.1,156.091
2022-06-27,20716.9,20730.0,20698.8,20730.0,337.391
2022-06-28,20277.6,20282.5,20253.7,20268.6,186.163
2022-06-29,20111.9,20114.6,20099.9,20109.9,146.203
2022-06-30,19853.8,19965.6,19841.1,19923.5,5414.367
2022-07-01,19247.7,19278.0,19231.1,19272.0,636.589
2022-07-02,19235.7,19241.0,19235.6,19240.9,85.358
2022-07-03,19305.8,19310.0,19303.0,19305.9,112.043
2022-07-04,20211.3,20227.9,20206.0,20226.6,489.857
2022-07-05,20193.1,20205.0,20170.0,20170.0,426.836
2022-07-06,20556.5,20560.0,20545.4,20554.1,188.768
2022-07-07,21644.3,21644.3,21604.8,21613.4,259.972
2022-07-08,21587.2,21620.8,21580.2,21587.9,1092.932
2022-07-09,21578.0,21584.0,21575.2,21580.0,66.598
2022-07-10,20841.0,20854.6,20835.6,20853.8,133.745
2022-07-11,19952.2,19970.0,19950.3,19954.3,198.449
2022-07-12,19308.9,19330.0,19305.0,19322.9,239.842
2022-07-13,20229.2,20243.9,20220.0,20220.1,340.849
2022-07-14,20577.3,20583.3,20575.6,20578.6,143.838
2022-07-15,20819.8,20829.7,20818.5,20823.1,112.545
2022-07-16,21203.8,21205.7,21183.0,21183.5,132.468
2022-07-17,20778.6,20794.5,20770.4,20794.4,288.025
2022-07-18,22478.5,22575.1,22422.6,22423.9,2727.149
2022-07-19,23399.3,23406.2,23385.9,23385.9,166.033
2022-07-20,23216.8,23230.2,23206.8,23221.5,231.463
2022-07-21,23127.1,23152.1,23127.1,23144.5,151.149
2022-07-22,22681.7,22681.7,22661.2,22675.1,153.723
2022-07-23,22445.7,22451.1,22440.0,22440.2,175.052
2022-07-24,22583.6,22583.7,22570.0,22570.6,206.173
2022-07-25,21309.7,21318.8,21268.9,21300.0,744.61
2022-07-26,21269.9,21276.2,21231.7,21241.0,563.907
2022-07-27,22952.8,22952.8,22939.7,22941.1,399.479
2022-07-28,23843.0,23850.0,23835.6,23836.2,120.108
2022-07-29,23783.5,23787.4,23741.1,23771.1,556.741
2022-07-30,23621.8,23636.2,23621.7,23629.9,134.965
2022-07-31,23308.0,23308.1,23290.0,23290.1,150.221
2022-08-01,23280.0,23280.0,23255.1,23257.6,172.397
2022-08-02,22971.4,22979.8,22969.6,22975.1,139.135
2022-08-03,22833.4,22833.4,22801.5,22801.5,375.046
2022-08-04,22592.5,22609.0,22588.2,22608.9,120.019
2022-08-05,23283.9,23306.1,23281.4,23298.1,295.295
2022-08-06,22920.0,22944.3,22919.9,22943.3,212.304
2022-08-07,23174.0,23174.0,23166.3,23167.8,137.461
2022-08-08,23805.1,23817.8,23804.1,23804.4,190.413
2022-08-09,23126.1,23142.2,23126.0,23140.2,144.803
2022-08-10,23937.3,23952.0,23935.1,23940.9,395.611
2022-08-11,23931.2,23931.3,23916.5,23917.2,184.649
2022-08-12,24398.7,24398.7,24380.0,24387.5,170.578
2022-08-13,24434.6,24434.6,24417.9,24429.0,141.748
2022-08-14,24284.5,24298.4,24284.5,24294.1,108.5
2022-08-15,24079.0,24094.5,24059.4,24085.2,799.462
2022-08-16,23853.7,23853.8,23841.0,23843.0,96.171
2022-08-17,23328.0,23339.0,23323.8,23333.1,121.303
2022-08-18,23190.8,23202.0,23182.6,23185.1,388.816
2022-08-19,20829.7,20831.7,20814.4,20824.9,687.9
2022-08-20,21120.5,21128.6,21120.5,21127.8,91.504
2022-08-21,21507.2,21510.0,21498.9,21505.6,143.474
2022-08-22,21392.1,21404.5,21384.2,21387.0,388.751
2022-08-23,21505.5,21518.3,21501.2,21518.2,264.969
2022-08-24,21353.5,21355.9,21351.1,21354.9,149.103
2022-08-25,21555.9,21556.0,21547.7,21548.3,266.315
2022-08-26,20244.6,20246.2,20223.4,20228.7,662.195
2022-08-27,20021.4,20027.9,20017.2,20023.9,109.087
2022-08-28,19537.6,19550.0,19526.0,19547.5,583.505
2022-08-29,20282.5,20286.9,20275.5,20275.5,206.911
2022-08-30,19787.5,19804.7,19783.1,19803.1,385.971
2022-08-31,20040.9,20047.4,20035.6,20041.5,223.378
2022-09-01,20119.0,20122.6,20112.9,20122.5,145.889
2022-09-02,19947.5,19950.9,19940.2,19941.0,135.507
2022-09-03,19820.4,19822.0,19817.0,19820.7,104.901
2022-09-04,19982.5,19995.0,19982.5,19992.7,275.258
2022-09-05,19777.4,19785.1,19775.6,19784.9,198.722
2022-09-06,18794.2,18798.6,18768.0,18781.5,1300.56
2022-09-07,19273.1,19287.1,19273.0,19287.0,503.013
2022-09-08,19314.3,19314.3,19305.4,19309.3,96.383
2022-09-09,21369.9,21370.0,21352.0,21352.0,212.013
2022-09-10,21658.2,21658.8,21634.1,21639.5,398.211
2022-09-11,21784.2,21848.8,21773.2,21820.3,3067.999
2022-09-12,22376.7,22391.6,22376.7,22386.0,237.915
2022-09-13,20164.7,20166.4,20161.8,20162.5,114.542
2022-09-14,20212.1,20224.4,20212.0,20217.0,180.831
2022-09-15,19690.9,19693.6,19688.5,19690.8,114.393
2022-09-16,19789.9,19794.2,19786.7,19792.5,299.7
2022-09-17,20110.9,20110.9,20101.9,20102.0,141.187
2022-09-18,19410.9,19413.0,19401.7,19404.5,277.796
2022-09-19,19526.8,19528.6,19521.6,19528.6,153.612
2022-09-20,18863.4,18869.4,18863.4,18866.8,112.661
2022-09-21,18487.6,18487.6,18445.8,18447.5,795.112
2022-09-22,19392.4,19399.2,19389.3,19392.5,112.26
2022-09-23,19287.4,19287.4,19280.1,19280.7,258.338
2022-09-24,18914.9,18915.4,18910.9,18911.0,84.878
2022-09-25,18780.1,18805.0,18780.0,18799.7,244.754
2022-09-26,19214.8,19218.0,19211.9,19216.3,214.754
2022-09-27,19100.8,19100.9,19070.0,19070.1,397.584
2022-09-28,19404.7,19409.3,19404.6,19407.3,195.281
2022-09-29,19588.8,19591.9,19577.2,19582.5,434.515
2022-09-30,19408.9,19412.0,19408.8,19411.7,145.811
2022-10-01,19304.3,19304.4,19303.9,19304.0,44.447
2022-10-02,19042.3,19050.0,19040.9,19049.4,253.899
2022-10-03,19616.9,19626.2,19614.6,19622.0,213.465
2022-10-04,20329.2,20335.4,20320.5,20333.0,339.833
2022-10-05,20155.5,20155.6,20147.3,20150.0,133.765
2022-10-06,19947.5,19956.3,19947.4,19954.0,195.397
2022-10-07,19528.1,19528.1,19510.9,19520.9,230.632
2022-10-08,19404.4,19406.3,19404.4,19406.2,71.904
2022-10-09,19435.1,19435.1,19430.0,19430.0,163.899
2022-10-10,19124.8,19127.0,19120.5,19124.0,290.747
2022-10-11,19049.7,19059.5,19049.7,19055.0,308.06
2022-10-12,19148.6,19148.6,19148.0,19148.0,27.859
2022-10-13,19374.9,19375.0,19365.4,19365.5,199.626
2022-10-14,19169.9,19170.0,19164.5,19164.6,126.665
2022-10-15,19056.7,19061.6,19056.7,19060.4,94.293
2022-10-16,19251.0,19256.1,19247.1,19251.9,131.614
2022-10-17,19543.0,19543.0,19538.2,19540.6,53.041
2022-10-18,19326.4,19326.5,19319.4,19320.9,112.566
2022-10-19,19120.0,19120.3,19116.5,19116.7,100.773
2022-10-20,19035.4,19038.3,19034.7,19034.7,54.269
2022-10-21,19152.4,19152.4,19150.0,19150.9,147.134
2022-10-22,19195.0,19195.2,19194.9,19195.1,32.779
2022-10-23,19559.5,19563.7,19554.5,19560.7,124.486
2022-10-24,19323.3,19323.4,19318.0,19318.1,75.292
2022-10-25,20073.5,20078.7,20068.3,20068.3,88.567
2022-10-26,20751.4,20764.8,20751.4,20758.3,171.518
2022-10-27,20281.6,20285.6,20275.2,20285.5,266.142
2022-10-28,20585.4,20585.4,20582.7,20582.8,82.292
2022-10-29,20796.6,20796.7,20796.6,20796.7,31.02
2022-10-30,20609.8,20615.6,20609.8,20615.6,86.247
2022-10-31,20490.0,20490.3,20481.0,20482.0,194.516
2022-11-01,20481.1,20481.1,20470.0,20472.1,80.937
2022-11-02,20138.9,20142.8,20138.9,20140.1,58.589
2022-11-03,20198.8,20199.8,20198.8,20199.7,40.811
2022-11-04,21133.6,21139.0,21133.5,21137.6,127.703
2022-11-05,21290.8,21296.3,21289.8,21289.9,166.421
2022-11-06,20912.6,20912.6,20900.0,20900.0,355.798
2022-11-07,20578.7,20578.8,20575.2,20578.6,138.852
2022-11-08,18496.8,18535.0,18488.2,18534.0,564.263
2022-11-09,15878.2,15906.0,15855.8,15905.0,625.251
2022-11-10,17594.8,17596.0,17575.2,17588.0,209.226
2022-11-11,17058.0,17060.7,17035.0,17058.3,261.018
2022-11-12,16794.3,16806.9,16792.7,16806.9,142.23
2022-11-13,16321.9,16324.9,16318.1,16321.2,97.374
2022-11-14,16601.0,16611.9,16599.8,16605.2,288.527
2022-11-15,16886.3,16888.6,16885.5,16888.3,84.751
2022-11-16,16664.7,16667.1,16648.0,16650.6,284.302
2022-11-17,16683.9,16685.9,16682.0,16682.1,72.121
2022-11-18,16696.2,16696.3,16689.0,16689.7,148.959
2022-11-19,16694.5,16698.7,16690.1,16692.9,224.24
2022-11-20,16281.1,16282.2,16272.6,16272.6,162.925
2022-11-21,15774.9,15775.2,15766.7,15773.0,188.309
2022-11-22,16191.2,16221.2,16191.2,16220.6,760.716
2022-11-23,16614.1,16619.1,16595.8,16595.8,282.238
2022-11-24,16601.0,16601.0,16592.4,16592.4,152.636
2022-11-25,16507.2,16516.3,16506.9,16516.1,102.691
2022-11-26,16449.5,16449.6,16447.2,16449.2,75.12
2022-11-27,16412.8,16423.5,16412.7,16422.6,287.16
2022-11-28,16207.8,16207.8,16203.2,16204.5,118.634
2022-11-29,16429.7,16434.6,16427.8,16433.2,258.693
2022-11-30,17153.8,17155.0,17150.4,17153.3,285.92
2022-12-01,16957.9,16971.1,16957.8,16970.5,313.301
2022-12-02,17081.7,17088.4,17079.7,17083.0,345.956
2022-12-03,16881.1,16881.1,16873.1,16879.5,292.824
2022-12-04,17104.0,17106.5,17099.4,17099.5,187.801
2022-12-05,16959.2,16959.5,16958.2,16958.3,76.482
2022-12-06,17076.9,17080.0,17076.0,17078.6,169.74
2022-12-07,16823.0,16828.1,16823.0,16828.0,61.263
2022-12-08,17218.0,17218.0,17214.1,17216.0,112.923
2022-12-09,17117.3,17122.4,17117.2,17122.0,186.556
2022-12-10,17123.4,17123.5,17120.0,17120.0,86.975
2022-12-11,17079.1,17084.3,17077.3,17077.3,266.97
2022-12-12,17194.3,17200.0,17191.0,17200.0,244.051
2022-12-13,17778.7,17782.3,17777.1,17777.1,110.159
2022-12-14,17794.6,17804.0,17791.6,17803.9,285.568
2022-12-15,17353.0,17353.1,17350.3,17351.8,154.685
2022-12-16,16629.9,16630.0,16618.2,16624.1,264.915
2022-12-17,16771.1,16771.1,16768.0,16768.0,58.329
2022-12-18,16734.6,16734.7,16730.3,16730.3,131.462
2022-12-19,16433.9,16437.4,16429.2,16429.2,181.859
2022-12-20,16894.2,16894.2,16887.2,16887.2,60.109
2022-12-21,16812.0,16830.7,16812.0,16819.6,676.122
2022-12-22,16815.5,16815.5,16815.4,16815.5,45.354
2022-12-23,16776.5,16776.5,16776.3,16776.4,18.593
2022-12-24,16829.0,16829.0,16828.9,16828.9,13.005
2022-12-25,16824.5,16824.5,16824.4,16824.4,43.473
2022-12-26,16912.9,16913.0,16911.0,16912.9,218.51
2022-12-27,16697.6,16698.2,16697.6,16698.2,67.509
2022-12-28,16540.6,16540.6,16538.9,16539.0,116.993
2022-12-29,16635.7,16635.7,16630.3,16630.3,58.014
2022-12-30,16601.2,16601.2,16601.1,16601.2,28.921
2022-12-31,16532.2,16537.6,16531.7,16537.6,96.284
2023-01-01,16607.7,16610.9,16607.6,16610.3,120.014
2023-01-02,16668.0,16668.0,16665.9,16666.0,146.532
2023-01-03,16667.3,16667.3,16667.2,16667.2,19.108
2023-01-04,16845.8,16845.8,16842.1,16842.1,77.359
2023-01-05,16823.8,16823.9,16823.8,16823.8,13.555
2023-01-06,16944.3,16944.3,16943.8,16943.8,99.745
2023-01-07,16938.0,16938.0,16936.4,16936.5,55.74
2023-01-08,17103.8,17124.7,17102.7,17124.7,1243.942
2023-01-09,17177.1,17177.2,17169.7,17169.7,153.405
2023-01-10,17429.5,17429.5,17428.7,17428.8,79.115
2023-01-11,17936.5,17942.5,17922.5,17935.7,706.326
2023-01-12,18848.8,18848.8,18837.3,18838.0,212.78
2023-01-13,19924.9,19936.4,19915.0,19924.2,595.882
2023-01-14,20969.9,20970.0,20956.3,20962.8,213.226
2023-01-15,20889.9,20890.8,20881.6,20882.7,84.057
2023-01-16,21185.1,21192.4,21185.1,21188.3,143.262
2023-01-17,21138.0,21140.0,21125.9,21130.9,347.19
2023-01-18,20681.5,20691.5,20673.0,20680.0,352.715
2023-01-19,21075.7,21076.7,21068.1,21068.3,111.46
2023-01-20,22686.0,22692.2,22660.0,22661.1,510.225
2023-01-21,22775.9,22781.9,22766.7,22781.9,218.279
2023-01-22,22713.8,22713.9,22700.0,22704.6,166.141
2023-01-23,22916.3,22916.3,22902.6,22913.1,108.413
2023-01-24,22628.2,22631.8,22623.5,22627.4,278.814
2023-01-25,23078.0,23080.0,23028.8,23060.6,1566.787
2023-01-26,23007.4,23011.4,22997.5,23001.9,122.086
2023-01-27,23061.5,23068.1,23061.5,23068.0,78.437
2023-01-28,23022.0,23022.0,23015.9,23015.9,83.566
2023-01-29,23753.8,23754.0,23740.2,23740.3,113.789
2023-01-30,22829.7,22829.7,22818.0,22819.9,227.612
2023-01-31,23123.1,23125.7,23116.0,23119.4,150.422
2023-02-01,23715.6,23730.1,23712.7,23730.0,113.908
2023-02-02,23451.4,23505.0,23423.2,23493.1,2643.458
2023-02-03,23426.6,23429.0,23424.7,23424.7,56.312
2023-02-04,23319.6,23323.0,23318.8,23322.6,110.487
2023-02-05,22924.2,22930.4,22924.1,22929.2,114.607
2023-02-06,22748.6,22757.9,22748.5,22757.7,242.539
2023-02-07,23243.2,23246.1,23234.1,23234.1,160.409
2023-02-08,22945.8,22964.2,22945.7,22955.9,391.825
2023-02-09,21787.2,21794.0,21784.5,21793.4,197.687
2023-02-10,21624.6,21624.6,21618.5,21618.6,65.702
2023-02-11,21844.0,21851.3,21844.0,21851.3,137.14
2023-02-12,21774.0,21774.0,21766.8,21771.1,122.835
2023-02-13,21767.2,21767.2,21761.2,21766.2,398.157
2023-02-14,22188.0,22191.5,22187.3,22187.4,62.455
2023-02-15,24346.1,24346.2,24330.0,24332.6,277.932
2023-02-16,23591.4,23599.9,23518.0,23526.6,2052.504
2023-02-17,24571.7,24587.3,24571.3,24581.5,173.54
2023-02-18,24639.0,24639.0,24636.8,24636.9,24.127
2023-02-19,24294.4,24300.6,24265.8,24265.9,696.517
2023-02-20,24852.5,24857.7,24843.3,24849.9,287.007
2023-02-21,24433.7,24445.0,24432.5,24443.4,222.179
2023-02-22,24179.3,24179.3,24170.5,24171.3,146.811
2023-02-23,23919.0,23928.8,23918.9,23928.8,160.178
2023-02-24,23180.5,23182.2,23173.8,23175.6,78.21
2023-02-25,23158.5,23158.6,23146.2,23146.2,170.139
2023-02-26,23548.9,23553.2,23545.2,23545.3,100.465
2023-02-27,23483.4,23483.4,23474.0,23480.0,162.935
2023-02-28,23110.0,23130.0,23110.0,23129.6,221.399
2023-03-01,23633.6,23633.6,23619.8,23619.8,202.957
2023-03-02,23452.4,23457.2,23452.3,23457.1,72.09
2023-03-03,22336.0,22342.9,22333.9,22342.8,140.528
2023-03-04,22337.2,22337.2,22335.7,22335.7,68.803
2023-03-05,22417.4,22419.4,22417.3,22419.4,24.659
2023-03-06,22399.9,22400.0,22390.2,22397.1,70.986
2023-03-07,22188.9,22189.0,22184.0,22187.1,107.271
2023-03-08,21695.8,21704.9,21693.8,21695.4,192.669
2023-03-09,20365.0,20365.0,20343.3,20348.3,646.033
2023-03-10,20147.3,20147.4,20135.0,20140.3,234.838
2023-03-11,20441.9,20459.7,20441.8,20447.3,399.431
2023-03-12,21987.0,21990.0,21958.3,21986.2,826.147
2023-03-13,24110.8,24125.0,24110.8,24119.5,374.796
2023-03-14,24697.0,24710.0,24682.4,24682.5,277.894
2023-03-15,24295.1,24295.1,24274.2,24288.0,218.458
2023-03-16,24994.2,24994.2,24982.8,24990.4,136.457
2023-03-17,27383.1,27411.6,27365.0,27384.0,1086.112
2023-03-18,26899.9,26919.5,26897.8,26907.0,237.186
2023-03-19,27934.0,27955.8,27927.1,27955.7,415.748
2023-03-20,27710.1,27714.4,27696.9,27704.1,269.406
2023-03-21,28109.9,28109.9,28086.7,28091.1,160.456
2023-03-22,27248.7,27250.0,27231.0,27233.8,269.951
2023-03-23,28286.7,28287.6,28275.5,28284.1,153.124
2023-03-24,27442.0,27442.0,27432.6,27438.9,82.962
2023-03-25,27454.5,27460.3,27447.2,27447.3,75.311
2023-03-26,27955.1,27972.5,27953.0,27954.3,169.392
2023-03-27,27113.1,27117.8,27106.5,27112.0,201.548
2023-03-28,27247.3,27253.6,27244.0,27249.7,73.467
2023-03-29,28331.6,28338.6,28331.5,28338.5,56.769
2023-03-30,28017.4,28043.1,28006.1,28015.0,568.511
2023-03-31,28461.8,28466.6,28454.8,28454.9,115.634
2023-04-01,28439.0,28443.8,28435.3,28443.8,90.846
2023-04-02,28182.7,28182.8,28153.8,28161.2,269.435
2023-04-03,27769.9,27798.4,27769.9,27786.1,188.618
2023-04-04,28153.0,28157.1,28147.0,28155.2,113.208
2023-04-05,28158.3,28160.6,28154.0,28154.0,75.762
2023-04-06,28018.7,28024.2,28018.6,28022.8,68.382
2023-04-07,27888.5,27890.8,27888.4,27890.7,26.081
2023-04-08,27924.8,27928.8,27924.8,27924.9,54.891
2023-04-09,28306.2,28309.4,28306.2,28309.4,115.562
2023-04-10,29625.8,29633.5,29623.0,29623.1,260.688
2023-04-11,30193.0,30193.1,30185.0,30185.1,126.791
2023-04-12,29864.1,29875.0,29864.1,29875.0,93.057
2023-04-13,30351.3,30374.0,30351.3,30362.7,269.304
2023-04-14,30450.6,30456.0,30450.6,30453.1,115.074
2023-04-15,30284.8,30284.9,30280.3,30280.4,26.381
2023-04-16,30280.0,30291.9,30280.0,30286.6,95.488
2023-04-17,29420.1,29420.1,29415.9,29420.0,88.101
2023-04-18,30367.8,30369.3,30362.2,30365.8,134.586
2023-04-19,28800.9,28818.9,28795.0,28795.1,288.39
2023-04-20,28227.1,28230.0,28226.3,28229.9,65.795
2023-04-21,27263.9,27273.0,27252.5,27252.5,222.91
2023-04-22,27804.6,27807.2,27804.6,27807.2,105.512
2023-04-23,27577.2,27577.2,27575.9,27576.0,40.436
2023-04-24,27505.9,27505.9,27493.0,27497.5,156.543
2023-04-25,28288.5,28288.8,28278.6,28286.7,233.077
2023-04-26,28399.9,28417.2,28392.7,28395.9,523.544
2023-04-27,29461.9,29465.5,29458.9,29459.0,85.904
2023-04-28,29299.3,29302.1,29291.1,29300.0,94.542
2023-04-29,29213.3,29216.5,29212.7,29212.7,37.799
2023-04-30,29247.0,29253.2,29145.5,29223.0,2888.894
2023-05-01,28065.3,28065.9,28044.0,28054.4,252.439
2023-05-02,28658.6,28660.1,28653.0,28656.5,112.896
2023-05-03,28996.0,29018.4,28996.0,29018.4,419.95
2023-05-04,28825.9,28829.0,28825.8,28826.0,63.677
2023-05-05,29491.5,29497.6,29491.5,29491.5,103.096
2023-05-06,28835.0,28839.4,28832.9,28837.8,54.415
2023-05-07,28407.6,28424.7,28383.4,28419.4,984.515
2023-05-08,27655.7,27659.8,27654.0,27659.8,70.372
2023-05-09,27617.1,27617.2,27610.2,27610.2,85.257
2023-05-10,27586.5,27587.0,27580.6,27582.9,75.988
2023-05-11,26968.8,26968.8,26950.0,26956.4,289.583
2023-05-12,26775.4,26785.2,26775.4,26785.1,99.425
2023-05-13,26756.7,26764.5,26754.9,26762.7,95.236
2023-05-14,26902.8,26904.1,26900.1,26901.9,69.445
2023-05-15,27176.0,27178.8,27142.5,27152.5,270.805
2023-05-16,27022.9,27024.8,27022.9,27024.8,22.503
2023-05-17,27389.0,27395.8,27389.0,27395.8,77.507
2023-05-18,26819.0,26819.0,26801.2,26809.3,184.92
2023-05-19,26867.5,26870.2,26867.5,26870.1,20.398
2023-05-20,27101.0,27101.1,27087.6,27089.5,243.024
2023-05-21,26738.5,26738.6,26732.8,26732.8,73.255
2023-05-22,26834.7,26840.3,26834.7,26840.2,44.806
2023-05-23,27211.2,27211.2,27209.9,27209.9,29.01
2023-05-24,26317.1,26318.6,26313.8,26313.8,56.369
2023-05-25,26463.9,26464.7,26461.7,26461.8,47.728
2023-05-26,26693.2,26693.3,26689.8,26689.9,39.884
2023-05-27,26841.3,26845.0,26841.3,26841.6,84.981
2023-05-28,28067.8,28067.8,28050.0,28055.7,290.922
2023-05-29,27721.0,27726.2,27721.0,27722.0,52.431
2023-05-30,27683.1,27683.2,27680.0,27680.1,51.681
2023-05-31,27200.2,27205.0,27197.0,27201.1,313.679
2023-06-01,26800.0,26805.9,26798.3,26805.3,115.253
2023-06-02,27227.7,27234.0,27226.0,27227.8,118.928
2023-06-03,27055.0,27055.0,27054.9,27054.9,26.695
2023-06-04,27107.7,27122.6,27101.0,27102.4,462.589
2023-06-05,25736.7,25736.7,25696.3,25714.7,377.375
2023-06-06,27215.8,27221.5,27207.6,27221.5,231.934
2023-06-07,26331.9,26334.0,26324.8,26325.9,186.603
2023-06-08,26487.9,26487.9,26485.0,26485.9,43.56
2023-06-09,26468.2,26468.2,26468.1,26468.1,20.203
2023-06-10,25829.4,25829.5,25823.7,25826.6,65.417
2023-06-11,25910.6,25915.2,25908.1,25909.9,79.766
2023-06-12,25892.2,25898.9,25892.1,25894.8,67.878
2023-06-13,25907.1,25924.6,25907.1,25918.0,240.773
2023-06-14,25119.6,25119.7,25115.0,25115.9,90.505
2023-06-15,25587.9,25589.6,25586.0,25586.1,66.89
2023-06-16,26336.0,26336.1,26335.0,26336.0,45.933
2023-06-17,26504.4,26508.9,26504.4,26508.9,38.483
2023-06-18,26329.6,26329.7,26329.5,26329.7,63.788
2023-06-19,26834.0,26843.8,26823.6,26828.5,293.546
2023-06-20,28290.9,28301.7,28276.0,28290.6,621.058
2023-06-21,30011.9,30011.9,29967.2,29988.5,763.97
2023-06-22,29898.6,29898.6,29875.0,29875.0,304.052
2023-06-23,30662.5,30682.0,30658.0,30673.4,373.354
2023-06-24,30524.6,30525.9,30522.0,30524.2,88.868
2023-06-25,30461.1,30461.2,30450.5,30458.0,82.538
2023-06-26,30259.8,30262.6,30258.0,30260.1,36.33
2023-06-27,30673.8,30687.0,30673.8,30683.2,165.622
2023-06-28,30066.3,30069.0,30066.3,30066.3,48.01
2023-06-29,30435.0,30440.0,30435.0,30439.9,65.916
2023-06-30,30460.2,30471.9,30460.0,30460.2,114.721
2023-07-01,30573.5,30573.6,30573.5,30573.6,36.383
2023-07-02,30611.7,30615.7,30611.7,30612.7,42.879
2023-07-03,31145.1,31149.0,31134.4,31149.0,318.701
2023-07-04,30757.9,30757.9,30756.1,30756.1,45.185
2023-07-05,30496.1,30500.0,30488.4,30488.4,140.018
2023-07-06,29895.6,29900.0,29874.3,29874.4,422.746
2023-07-07,30329.5,30329.6,30327.9,30327.9,47.429
2023-07-08,30272.4,30272.5,30269.2,30269.3,36.057
2023-07-09,30146.2,30148.0,30146.0,30147.8,326.728
2023-07-10,30396.8,30396.9,30393.5,30396.9,72.05
2023-07-11,30607.4,30610.9,30607.4,30608.4,71.193
2023-07-12,30378.8,30378.8,30361.5,30368.9,336.811
2023-07-13,31449.3,31449.4,31433.6,31441.7,157.684
2023-07-14,30293.0,30295.0,30289.4,30293.3,99.676
2023-07-15,30270.9,30279.2,30270.9,30276.4,64.139
2023-07-16,30215.0,30219.3,30215.0,30216.8,59.051
2023-07-17,30123.0,30126.1,30123.0,30126.1,80.683
2023-07-18,29852.5,29852.5,29845.6,29845.6,79.285
2023-07-19,29890.5,29895.6,29890.4,29895.5,37.149
2023-07-20,29778.0,29791.0,29778.0,29791.0,105.461
2023-07-21,29882.4,29891.5,29882.4,29891.4,84.879
2023-07-22,29778.7,29787.4,29771.5,29783.5,520.602
2023-07-23,30074.7,30074.8,30070.8,30070.8,57.543
2023-07-24,29162.2,29165.4,29162.2,29163.8,48.136
2023-07-25,29218.0,29218.1,29212.6,29216.3,47.308
2023-07-26,29336.7,29336.7,29336.0,29336.0,35.429
2023-07-27,29212.0,29212.0,29209.7,29209.7,43.693
2023-07-28,29299.9,29300.0,29299.9,29299.9,28.827
2023-07-29,29340.6,29340.6,29339.1,29339.1,24.826
2023-07-30,29270.6,29271.2,29270.5,29271.1,44.472
2023-07-31,29220.8,29220.9,29220.8,29220.8,20.112
2023-08-01,29675.2,29735.0,29674.0,29701.2,2335.661
2023-08-02,29161.0,29172.8,29161.0,29170.1,101.333
2023-08-03,29181.8,29181.9,29180.1,29180.2,50.673
2023-08-04,29101.2,29101.2,29101.0,29101.1,49.365
2023-08-05,29058.6,29058.6,29057.7,29057.7,21.723
2023-08-06,29075.9,29076.0,29075.9,29075.9,13.33
2023-08-07,29202.9,29203.0,29202.6,29202.7,60.548
2023-08-08,29766.7,29766.8,29757.1,29759.0,144.333
2023-08-09,29566.6,29572.9,29566.6,29572.8,78.76
2023-08-10,29443.7,29443.8,29443.7,29443.7,26.078
2023-08-11,29415.6,29415.6,29415.5,29415.5,28.702
2023-08-12,29420.7,29420.8,29420.7,29420.7,20.383
2023-08-13,29296.6,29296.7,29293.3,29293.3,68.117
2023-08-14,29419.6,29419.6,29419.5,29419.5,35.887
2023-08-15,29188.9,29188.9,29188.8,29188.8,24.891
2023-08-16,28719.8,28719.9,28714.3,28714.4,129.285
2023-08-17,26656.1,26656.1,26607.8,26609.7,317.467
2023-08-18,26042.9,26043.7,26042.0,26042.1,45.467
2023-08-19,26088.4,26088.4,26088.3,26088.3,23.215
2023-08-20,26175.9,26176.0,26175.9,26175.9,24.421
2023-08-21,26114.0,26115.5,26112.8,26115.4,46.969
2023-08-22,26034.7,26044.5,26026.5,26044.4,184.192
2023-08-23,26425.8,26429.7,26419.2,26419.2,124.027
2023-08-24,26161.0,26167.0,26160.9,26164.6,134.713
2023-08-25,26048.9,26051.8,26048.9,26051.7,39.564
2023-08-26,26004.2,26004.3,26004.2,26004.3,6.103
2023-08-27,26087.6,26087.7,26087.6,26087.7,20.667
2023-08-28,26112.5,26115.1,26106.5,26106.5,69.258
2023-08-29,27713.5,27720.0,27700.1,27700.1,193.838
2023-08-30,27276.0,27290.5,27276.0,27290.4,56.813
2023-08-31,25927.3,25931.5,25925.8,25928.0,73.217
2023-09-01,25796.3,25796.3,25795.6,25795.6,29.507
2023-09-02,25858.6,25858.6,25855.0,25855.8,44.08
2023-09-03,25961.2,25963.1,25961.2,25962.1,27.923
2023-09-04,25808.9,25816.2,25808.9,25814.0,88.098
2023-09-05,25777.1,25779.8,25777.0,25779.7,20.886
2023-09-06,25749.2,25749.3,25744.7,25747.4,21.047
2023-09-07,26231.5,26242.1,26228.0,26240.7,192.591
2023-09-08,25899.9,25899.9,25899.8,25899.8,15.792
2023-09-09,25889.9,25892.7,25889.9,25892.6,31.864
2023-09-10,25829.0,25830.5,25828.4,25828.4,35.063
2023-09-11,25155.5,25155.6,25150.4,25150.4,72.674
2023-09-12,25821.3,25829.3,25820.5,25825.8,63.219
2023-09-13,26209.9,26210.0,26209.9,26209.9,11.146
2023-09-14,26514.8,26514.9,26503.2,26510.3,92.064
2023-09-15,26591.0,26598.7,26587.9,26591.1,174.252
2023-09-16,26544.7,26547.0,26544.7,26546.9,35.735
2023-09-17,26514.6,26516.4,26511.1,26514.2,102.407
2023-09-18,26737.8,26762.0,26737.7,26749.9,421.455
2023-09-19,27189.0,27196.0,27188.9,27196.0,27.449
2023-09-20,27115.4,27115.5,27106.0,27107.7,76.484
2023-09-21,26558.0,26558.1,26552.6,26552.6,24.79
2023-09-22,26568.1,26568.1,26564.7,26566.7,46.171
2023-09-23,26563.8,26563.8,26563.0,26563.1,8.663
2023-09-24,26237.5,26239.8,26231.1,26232.4,127.391
2023-09-25,26290.5,26290.5,26290.4,26290.5,25.305
2023-09-26,26207.4,26208.8,26207.4,26208.8,29.294
2023-09-27,26356.6,26359.7,26352.3,26359.6,64.962
2023-09-28,27009.8,27011.8,27009.8,27011.8,44.47
2023-09-29,26894.9,26895.0,26890.9,26890.9,27.626
2023-09-30,26951.7,26952.0,26949.2,26950.9,58.31
2023-10-01,27970.7,27981.4,27941.0,27981.4,473.325
2023-10-02,27494.9,27494.9,27467.2,27477.6,938.775
2023-10-03,27414.5,27414.9,27412.0,27412.0,38.038
2023-10-04,27771.9,27771.9,27759.7,27759.8,72.877
2023-10-05,27395.4,27398.4,27392.5,27398.4,152.068
2023-10-06,27917.2,27922.4,27916.2,27916.3,39.925
2023-10-07,27936.8,27943.1,27936.8,27943.0,41.429
2023-10-08,27904.9,27907.6,27901.2,27901.2,22.581
2023-10-09,27565.7,27582.1,27561.8,27578.3,234.146
2023-10-10,27375.5,27381.3,27375.5,27381.2,70.079
2023-10-11,26871.6,26877.1,26864.5,26864.5,186.317
2023-10-12,26745.3,26747.1,26744.0,26744.0,40.242
2023-10-13,26848.0,26849.8,26847.9,26849.8,33.356
2023-10-14,26839.0,26839.0,26836.3,26836.3,23.407
2023-10-15,27135.2,27141.1,27131.9,27139.8,129.382
2023-10-16,28486.5,28486.6,28483.7,28486.3,81.824
2023-10-17,28389.1,28389.1,28381.9,28381.9,63.75
2023-10-18,28304.6,28307.2,28304.5,28307.1,33.113
2023-10-19,28691.3,28700.0,28691.3,28696.9,388.134
2023-10-20,29657.9,29657.9,29653.0,29653.0,49.674
2023-10-21,29897.8,29899.7,29894.9,29895.4,79.411
2023-10-22,29977.1,29981.5,29965.8,29981.5,61.841
2023-10-23,33052.9,33074.7,33022.0,33074.0,511.735
2023-10-24,33893.9,33930.3,33893.9,33917.0,456.185
2023-10-25,34488.6,34492.8,34483.1,34487.7,75.009
2023-10-26,34150.8,34158.2,34150.8,34154.0,29.481
2023-10-27,33899.3,33899.3,33892.2,33893.1,33.963
2023-10-28,34086.6,34086.7,34086.6,34086.6,25.389
2023-10-29,34526.1,34534.1,34525.5,34528.6,89.968
2023-10-30,34480.0,34487.0,34480.0,34483.8,36.14
2023-10-31,34671.7,34675.4,34651.3,34651.4,119.791
2023-11-01,35433.9,35443.1,35433.8,35437.4,95.936
2023-11-02,34922.1,34940.1,34922.0,34940.1,111.401
2023-11-03,34693.8,34704.9,34693.3,34700.4,94.384
2023-11-04,35067.4,35074.7,35063.3,35069.7,68.563
2023-11-05,35041.0,35041.0,35025.4,35025.5,66.516
2023-11-06,35040.0,35057.5,35039.9,35057.4,110.04
2023-11-07,35428.0,35433.0,35406.4,35406.5,123.08
2023-11-08,35651.8,35668.7,35612.8,35626.7,579.732
2023-11-09,36706.3,36728.8,36701.5,36719.5,217.984
2023-11-10,37319.9,37330.4,37313.0,37330.4,75.591
2023-11-11,37180.0,37190.0,37159.7,37162.1,189.075
2023-11-12,37070.4,37091.6,37070.3,37085.5,103.823
2023-11-13,36498.8,36498.8,36482.0,36486.2,138.567
2023-11-14,35552.0,35569.7,35551.0,35559.0,263.333
2023-11-15,37904.0,37913.8,37870.1,37885.6,210.102
2023-11-16,36166.6,36179.9,36157.5,36176.0,102.099
2023-11-17,36582.3,36627.6,36580.5,36621.9,261.6
2023-11-18,36577.9,36581.0,36564.0,36580.9,94.406
2023-11-19,37380.1,37380.1,37356.0,37375.9,270.346
2023-11-20,37465.0,37468.0,37459.9,37462.5,92.689
2023-11-21,35830.1,35849.3,35720.0,35737.0,1016.47
2023-11-22,37423.0,37423.0,37405.1,37413.4,143.077
2023-11-23,37294.9,37294.9,37288.3,37294.3,18.562
2023-11-24,37700.2,37706.4,37700.2,37706.3,29.38
2023-11-25,37767.8,37767.8,37766.6,37766.6,17.0
2023-11-26,37460.1,37460.1,37422.8,37437.9,328.525
2023-11-27,37243.3,37243.4,37217.2,37234.3,109.966
2023-11-28,37810.0,37812.1,37809.9,37812.1,56.107
2023-11-29,37844.9,37845.0,37837.1,37837.1,34.955
2023-11-30,37697.7,37716.9,37691.9,37716.8,54.218
2023-12-01,38658.7,38663.9,38658.0,38660.0,109.413
2023-12-02,39445.9,39445.9,39431.6,39435.0,35.094
2023-12-03,39977.8,39983.9,39970.0,39979.7,53.311
2023-12-04,41999.3,41999.3,41987.4,41993.1,164.963
2023-12-05,44073.1,44084.4,44073.1,44081.7,75.135
2023-12-06,43779.0,43793.9,43772.1,43774.8,81.788
2023-12-07,43307.9,43318.0,43296.0,43296.0,69.497
2023-12-08,44200.0,44214.3,44199.9,44209.5,48.154
2023-12-09,43733.4,43744.4,43733.3,43734.3,64.677
2023-12-10,43799.0,43820.6,43798.9,43810.0,199.819
2023-12-11,41283.2,41285.2,41269.6,41271.0,84.469
2023-12-12,41479.2,41515.0,41478.8,41515.0,129.138
2023-12-13,42880.1,42890.0,42867.5,42875.0,128.467
2023-12-14,43020.6,43037.4,43020.6,43032.4,62.794
2023-12-15,41942.4,41975.2,41942.4,41968.0,95.604
2023-12-16,42290.7,42290.8,42287.4,42287.4,24.83
2023-12-17,41389.2,41398.8,41385.5,41396.5,161.678
2023-12-18,42657.5,42684.2,42657.4,42671.7,90.244
2023-12-19,42281.1,42298.3,42276.8,42298.3,39.495
2023-12-20,43685.7,43709.0,43685.7,43708.9,108.327
2023-12-21,43896.4,43899.0,43890.4,43896.3,40.946
2023-12-22,43987.3,44005.2,43987.2,43999.2,63.516
2023-12-23,43730.0,43730.0,43724.7,43725.2,46.205
2023-12-24,42998.5,43027.0,42979.0,43008.4,228.707
2023-12-25,43602.1,43615.1,43602.0,43611.9,43.9
2023-12-26,42540.4,42544.7,42533.4,42538.5,76.393
2023-12-27,43454.6,43463.3,43450.8,43453.8,242.545
2023-12-28,42609.5,42614.0,42600.0,42600.1,75.01
2023-12-29,42114.0,42114.1,42095.1,42095.1,111.204
2023-12-30,42167.9,42176.8,42167.9,42174.2,59.687
2023-12-31,42312.7,42314.0,42293.7,42314.0,125.766
2024-01-01,44210.4,44236.3,44208.1,44230.2,210.678
2024-01-02,44959.9,44979.8,44958.8,44979.8,46.435
2024-01-03,42838.6,42857.9,42832.7,42849.5,114.864
2024-01-04,44122.8,44168.2,44122.7,44143.8,198.961
2024-01-05,44123.0,44146.5,44123.0,44145.4,99.909
2024-01-06,43949.4,43976.3,43940.2,43956.7,192.149
2024-01-07,43909.2,43919.4,43895.4,43916.9,216.206
2024-01-08,46969.9,46978.8,46960.0,46972.7,104.043
2024-01-09,46137.0,46148.5,46104.5,46114.0,119.608
2024-01-10,46623.2,46665.7,46622.0,46662.9,146.705
2024-01-11,46362.3,46362.3,46337.8,46337.8,37.712
2024-01-12,42859.5,42859.6,42766.4,42788.9,446.86
2024-01-13,42846.0,42855.9,42842.2,42846.4,85.011
2024-01-14,41814.3,41821.9,41731.2,41734.9,324.252
2024-01-15,42506.6,42537.7,42495.6,42515.0,256.091
2024-01-16,43157.1,43157.1,43132.9,43133.0,96.836
2024-01-17,42779.9,42792.1,42774.1,42783.4,58.851
2024-01-18,41296.9,41323.2,41294.0,41323.1,104.035
2024-01-19,41659.1,41668.4,41659.1,41662.2,42.686
2024-01-20,41692.6,41694.5,41691.8,41691.8,16.341
2024-01-21,41572.0,41582.6,41571.9,41580.0,31.115
2024-01-22,39553.9,39568.0,39537.4,39567.0,144.235
2024-01-23,39870.0,39898.0,39870.0,39890.0,348.156
2024-01-24,40079.5,40079.6,40073.1,40078.7,47.129
2024-01-25,39931.4,39955.5,39930.1,39953.3,61.061
2024-01-26,41791.6,41808.2,41788.3,41806.4,136.523
2024-01-27,42098.4,42102.3,42098.0,42102.2,19.527
2024-01-28,42028.2,42028.3,42011.7,42021.2,34.179
2024-01-29,43272.1,43288.7,43260.4,43287.7,189.434
2024-01-30,42933.0,42935.5,42918.3,42918.3,147.612
2024-01-31,42571.9,42579.1,42560.5,42560.5,94.421
2024-02-01,42209.2,42211.7,42177.0,42177.0,55.891
